event,label,role,sample_index,shift_ms,abs_a
GW150914,C01:SEOBNRv4PHM,failing,1050,4.049999999988535,0.8200005245341088
GW150914,C01:SEOBNRv4PHM,failing,1549,-8.70000000001006,1.0295564927683052
GW150914,C01:SEOBNRv4PHM,failing,668,4.399999999988497,0.9161498970060836
GW150914,C01:SEOBNRv4PHM,failing,1427,0.8999999999888819,0.8707290995210228
GW150914,C01:SEOBNRv4PHM,failing,472,2.299999999988728,0.82068283611582
GW150914,C01:SEOBNRv4PHM,failing,1238,-2.950000000010694,1.01919883838237
GW150914,C01:SEOBNRv4PHM,failing,1064,4.849999999988447,0.766901354011416
GW150914,C01:SEOBNRv4PHM,failing,1628,0.04999999998897553,0.7423144483579829
GW150914,C01:SEOBNRv4PHM,failing,425,-7.25000000001022,0.8329306655009528
GW150914,C01:SEOBNRv4PHM,failing,1548,3.8499999999885572,0.8367870542559469
GW150914,C01:SEOBNRv4PHM,failing,1157,5.249999999988403,0.9511030557359366
GW150914,C01:SEOBNRv4PHM,failing,1278,2.699999999988684,0.8043361796856948
GW150914,C01:SEOBNRv4PHM,failing,151,0.4499999999889315,0.8217055744395092
GW150914,C01:SEOBNRv4PHM,failing,697,-3.250000000010661,0.8649447802939376
GW150914,C01:SEOBNRv4PHM,failing,990,-3.2000000000106663,0.94567082873092
GW150914,C01:SEOBNRv4PHM,failing,516,-3.8000000000106002,0.8504917126898363
GW150914,C01:SEOBNRv4PHM,failing,532,5.349999999988392,0.7319121541023645
GW150914,C01:SEOBNRv4PHM,failing,134,-1.1500000000108923,0.8612878866481978
GW150914,C01:SEOBNRv4PHM,failing,1612,3.8499999999885572,0.7975795122525816
GW150914,C01:SEOBNRv4PHM,failing,1477,-2.650000000010727,0.8913015370089964
GW150914,C01:SEOBNRv4PHM,failing,775,5.7999999999883425,0.8806082016197485
GW150914,C01:SEOBNRv4PHM,failing,763,3.399999999988607,0.8815494334580333
GW150914,C01:SEOBNRv4PHM,failing,837,4.699999999988464,0.8735876365591969
GW150914,C01:SEOBNRv4PHM,failing,475,4.09999999998853,0.8288014073669695
GW150914,C01:SEOBNRv4PHM,failing,500,-3.0000000000106883,0.6715669039752025
GW150914,C01:SEOBNRv4PHM,failing,714,1.0999999999888599,0.6989885119028725
GW150914,C01:SEOBNRv4PHM,failing,219,-0.5000000000109639,1.094681700300449
GW150914,C01:SEOBNRv4PHM,failing,248,0.4499999999889315,0.7391936751973617
GW150914,C01:SEOBNRv4PHM,failing,1168,5.049999999988425,0.7265288718967857
GW150914,C01:SEOBNRv4PHM,failing,349,-5.2500000000104405,0.838727199538956
GW150914,C01:SEOBNRv4PHM,failing,77,3.1499999999886343,0.7361452152065345
GW150914,C01:SEOBNRv4PHM,failing,546,2.899999999988662,0.7805781926507719
GW150914,C01:SEOBNRv4PHM,failing,737,4.999999999988431,0.8628717666764437
GW150914,C01:SEOBNRv4PHM,failing,57,4.949999999988436,0.8600793029703863
GW150914,C01:SEOBNRv4PHM,failing,1456,-0.9000000000109198,0.7613238586768347
GW150914,C01:SEOBNRv4PHM,failing,189,-0.9500000000109143,0.7865811706500753
GW150914,C01:SEOBNRv4PHM,failing,222,2.3499999999887224,0.8617254669401184
GW150914,C01:SEOBNRv4PHM,failing,439,5.199999999988409,0.8886635097073933
GW150914,C01:SEOBNRv4PHM,failing,915,-3.1000000000106773,0.8490579697174636
GW150914,C01:SEOBNRv4PHM,failing,180,3.9999999999885407,0.8546172691084121
GW150914,C01:SEOBNRv4PHM,failing,237,-6.400000000010314,0.8255112657859917
GW150914,C01:SEOBNRv4PHM,failing,357,4.599999999988475,0.8312465530884048
GW150914,C01:SEOBNRv4PHM,failing,354,0.8999999999888819,0.6282965296028808
GW150914,C01:SEOBNRv4PHM,failing,14,5.249999999988403,0.8816671423053888
GW150914,C01:SEOBNRv4PHM,failing,1029,-1.3500000000108703,0.8700391408941799
GW150914,C01:SEOBNRv4PHM,failing,1443,-1.8000000000108207,0.816886207836005
GW150914,C01:SEOBNRv4PHM,failing,292,4.449999999988491,0.915883661287355
GW150914,C01:SEOBNRv4PHM,failing,1500,-2.650000000010727,0.8967840090561112
GW150914,C01:SEOBNRv4PHM,failing,1598,-4.750000000010496,0.7620033202777496
GW150914,C01:SEOBNRv4PHM,failing,246,-0.9000000000109198,0.8687197488872259
GW150914,C01:SEOBNRv4PHM,failing,811,2.399999999988717,0.8274093728884876
GW150914,C01:SEOBNRv4PHM,failing,543,3.2499999999886233,0.8820919275142177
GW150914,C01:SEOBNRv4PHM,failing,1383,4.299999999988508,0.7191902415242893
GW150914,C01:SEOBNRv4PHM,failing,55,4.749999999988458,0.8026249450257238
GW150914,C01:SEOBNRv4PHM,failing,132,-0.4500000000109694,0.804769032540708
GW150914,C01:SEOBNRv4PHM,failing,712,2.9499999999886564,0.8940802090929766
GW150914,C01:SEOBNRv4PHM,failing,1147,4.54999999998848,0.8825164153559671
GW150914,C01:SEOBNRv4PHM,failing,927,3.3499999999886123,0.8572249729201418
GW150914,C01:SEOBNRv4PHM,failing,993,3.6499999999885793,0.9030326588377098
GW150914,C01:SEOBNRv4PHM,failing,1413,-7.550000000010187,0.7774476580526988
GW150914,C01:SEOBNRv4PHM,failing,1508,2.3499999999887224,0.8351482305840792
GW150914,C01:SEOBNRv4PHM,failing,24,3.2499999999886233,0.8881264025692646
GW150914,C01:SEOBNRv4PHM,failing,641,-3.450000000010639,0.8663846519917213
GW150914,C01:SEOBNRv4PHM,failing,564,-0.7000000000109419,0.7931469535918751
GW150914,C01:SEOBNRv4PHM,failing,188,4.249999999988513,0.6781400193700298
GW150914,C01:SEOBNRv4PHM,failing,202,3.2499999999886233,0.7912131954063394
GW150914,C01:SEOBNRv4PHM,failing,484,4.749999999988458,0.8873769380651984
GW150914,C01:SEOBNRv4PHM,failing,920,1.7499999999887883,0.9167946170162464
GW150914,C01:SEOBNRv4PHM,failing,1180,4.399999999988497,0.8885997426654948
GW150914,C01:SEOBNRv4PHM,failing,328,5.349999999988392,0.8574689093107053
GW150914,C01:SEOBNRv4PHM,failing,110,0.8999999999888819,0.81301701897297
GW150914,C01:SEOBNRv4PHM,failing,720,4.199999999988519,0.831004200812401
GW150914,C01:SEOBNRv4PHM,failing,1594,-0.6000000000109529,0.8017658907447585
GW150914,C01:SEOBNRv4PHM,failing,1265,0.6999999999889039,0.9066480764230508
GW150914,C01:SEOBNRv4PHM,failing,526,5.349999999988392,0.9038847778772517
GW150914,C01:SEOBNRv4PHM,failing,397,3.6999999999885738,0.8064246717149581
GW150914,C01:SEOBNRv4PHM,failing,664,3.499999999988596,0.8507078675366646
GW150914,C01:SEOBNRv4PHM,failing,82,-0.7500000000109364,0.7665414386304921
GW150914,C01:SEOBNRv4PHM,failing,1048,-0.25000000001099143,0.7725668012133097
GW150914,C01:SEOBNRv4PHM,failing,1550,2.9499999999886564,0.857546217990342
GW150914,C01:SEOBNRv4PHM,failing,897,-3.8500000000105947,0.8376242263983377
GW150914,C01:SEOBNRv4PHM,failing,728,2.899999999988662,0.7346622783692701
GW150914,C01:SEOBNRv4PHM,failing,907,3.7499999999885683,0.9204803050021049
GW150914,C01:SEOBNRv4PHM,failing,318,4.699999999988464,0.821826011850739
GW150914,C01:SEOBNRv4PHM,failing,648,4.599999999988475,0.758016632995893
GW150914,C01:SEOBNRv4PHM,failing,620,1.3999999999888268,0.8214687513861445
GW150914,C01:SEOBNRv4PHM,failing,378,5.6999999999883535,0.8282219110941974
GW150914,C01:SEOBNRv4PHM,failing,1394,4.449999999988491,0.8582597852178714
GW150914,C01:SEOBNRv4PHM,failing,25,3.6499999999885793,0.9012666169376198
GW150914,C01:SEOBNRv4PHM,failing,43,2.1499999999887445,0.7182210743858194
GW150914,C01:SEOBNRv4PHM,failing,1089,-3.9500000000105837,0.6753060819923725
GW150914,C01:SEOBNRv4PHM,failing,930,4.09999999998853,1.013535181500009
GW150914,C01:SEOBNRv4PHM,failing,196,3.199999999988629,0.7043851529099919
GW150914,C01:SEOBNRv4PHM,failing,271,-0.3500000000109804,0.8498616507693345
GW150914,C01:SEOBNRv4PHM,failing,125,5.449999999988381,0.8327085840782964
GW150914,C01:SEOBNRv4PHM,failing,144,0.7499999999888984,0.7506563641717259
GW150914,C01:SEOBNRv4PHM,failing,1419,4.449999999988491,0.8804461097205802
GW150914,C01:SEOBNRv4PHM,failing,63,-3.150000000010672,0.8471202927170443
GW150914,C01:SEOBNRv4PHM,failing,487,5.09999999998842,0.7823905329726671
GW150914,C01:SEOBNRv4PHM,failing,236,-3.35000000001065,0.8574008426317683
GW150914,C01:SEOBNRv4PHM,failing,1513,4.499999999988486,0.8865156973127535
GW150914,C01:SEOBNRv4PHM,failing,965,1.6999999999887938,0.9839836268651191
GW150914,C01:SEOBNRv4PHM,failing,813,2.5499999999887004,0.9309178304525075
GW150914,C01:SEOBNRv4PHM,failing,558,-0.25000000001099143,0.8242346370528147
GW150914,C01:SEOBNRv4PHM,failing,787,-3.250000000010661,0.7680665053910741
GW150914,C01:SEOBNRv4PHM,failing,923,-0.10000000001100795,0.8416715824578591
GW150914,C01:SEOBNRv4PHM,failing,1543,4.649999999988469,0.9057118037538252
GW150914,C01:SEOBNRv4PHM,failing,1268,-5.100000000010457,0.8666303399087744
GW150914,C01:SEOBNRv4PHM,failing,19,5.049999999988425,0.8356480939467782
GW150914,C01:SEOBNRv4PHM,failing,1023,4.799999999988453,1.031149455358352
GW150914,C01:SEOBNRv4PHM,failing,195,-2.6000000000107324,0.9174697084085214
GW150914,C01:SEOBNRv4PHM,failing,1185,4.799999999988453,0.7702317032003686
GW150914,C01:SEOBNRv4PHM,failing,1356,4.199999999988519,0.8897373006015565
GW150914,C01:SEOBNRv4PHM,failing,1244,-2.550000000010738,0.8723090199810875
GW150914,C01:SEOBNRv4PHM,failing,658,5.349999999988392,0.8148170238390154
GW150914,C01:SEOBNRv4PHM,failing,605,-0.20000000001099694,0.831023847763021
GW150914,C01:SEOBNRv4PHM,failing,1217,3.9499999999885462,0.856465200498081
GW150914,C01:SEOBNRv4PHM,failing,949,-3.7000000000106112,0.7920986837108953
GW150914,C01:SEOBNRv4PHM,failing,342,3.09999999998864,0.856553352343362
GW150914,C01:SEOBNRv4PHM,failing,909,3.299999999988618,0.9094832110562453
GW150914,C01:SEOBNRv4PHM,failing,700,2.699999999988684,0.8916117776863249
GW150914,C01:SEOBNRv4PHM,failing,332,4.849999999988447,0.7693593585800965
GW150914,C01:SEOBNRv4PHM,failing,875,2.3499999999887224,0.8297424012761183
GW150914,C01:SEOBNRv4PHM,failing,33,2.8499999999886674,0.7505559118188111
GW150914,C01:SEOBNRv4PHM,failing,105,-0.6500000000109474,0.8371469391672982
GW150914,C01:SEOBNRv4PHM,failing,788,3.6999999999885738,0.8429203110920019
GW150914,C01:SEOBNRv4PHM,failing,272,3.9499999999885462,0.7635890885518147
GW150914,C01:SEOBNRv4PHM,failing,1252,5.3999999999883865,0.7969807839149357
GW150914,C01:SEOBNRv4PHM,failing,845,2.299999999988728,0.9096379328976225
GW150914,C01:SEOBNRv4PHM,failing,1473,3.09999999998864,0.855217421424786
GW150914,C01:SEOBNRv4PHM,failing,925,2.3499999999887224,0.8102283965073617
GW150914,C01:SEOBNRv4PHM,failing,1144,2.999999999988651,0.8110487593009387
GW150914,C01:SEOBNRv4PHM,failing,614,3.8499999999885572,0.8044827084108407
GW150914,C01:SEOBNRv4PHM,failing,867,2.9499999999886564,0.8541759670544239
GW150914,C01:SEOBNRv4PHM,failing,1075,4.299999999988508,0.8298496334846255
GW150914,C01:SEOBNRv4PHM,failing,1374,-3.450000000010639,0.8204532976687564
GW150914,C01:SEOBNRv4PHM,failing,1079,4.499999999988486,0.8054849187501043
GW150914,C01:SEOBNRv4PHM,failing,1629,4.049999999988535,0.8336620052823176
GW150914,C01:SEOBNRv4PHM,failing,1354,-1.5500000000108483,0.8640612795219036
GW150914,C01:SEOBNRv4PHM,failing,1209,-4.100000000010567,0.9194145647944864
GW150914,C01:SEOBNRv4PHM,failing,1336,2.299999999988728,0.8157651633878422
GW150914,C01:SEOBNRv4PHM,failing,1010,3.4499999999886013,0.9416406052192628
GW150914,C01:SEOBNRv4PHM,failing,181,-6.80000000001027,0.8326011281513924
GW150914,C01:SEOBNRv4PHM,failing,1352,3.299999999988618,0.8566995075256071
GW150914,C01:SEOBNRv4PHM,failing,706,-0.4000000000109749,0.9443726401911682
GW150914,C01:SEOBNRv4PHM,failing,885,3.6499999999885793,0.8735234859531104
GW150914,C01:SEOBNRv4PHM,failing,162,2.899999999988662,0.731844018389962
GW150914,C01:SEOBNRv4PHM,failing,857,3.6999999999885738,1.027279045674767
GW150914,C01:SEOBNRv4PHM,failing,150,3.9499999999885462,0.7156901100734792
GW150914,C01:SEOBNRv4PHM,failing,1007,-2.850000000010705,0.8319771852687665
GW150914,C01:SEOBNRv4PHM,failing,1288,3.09999999998864,0.8691710288881268
GW150914,C01:SEOBNRv4PHM,failing,1028,5.149999999988414,0.9148128510428802
GW150914,C01:SEOBNRv4PHM,failing,369,2.8499999999886674,0.7592111510483087
GW150914,C01:SEOBNRv4PHM,failing,302,-0.15000000001100244,0.9182174564147254
GW150914,C01:SEOBNRv4PHM,failing,774,-3.6000000000106223,0.7096173655615993
GW150914,C01:SEOBNRv4PHM,failing,483,-1.7000000000108317,0.9004149042666739
GW150914,C01:SEOBNRv4PHM,failing,670,3.9499999999885462,0.9473259119422528
GW150914,C01:SEOBNRv4PHM,failing,227,4.09999999998853,0.7273557705629593
GW150914,C01:SEOBNRv4PHM,failing,1438,4.699999999988464,0.9019646041276492
GW150914,C01:SEOBNRv4PHM,failing,1098,4.499999999988486,0.9261882136856225
GW150914,C01:SEOBNRv4PHM,failing,414,-0.15000000001100244,0.8285935621213103
GW150914,C01:SEOBNRv4PHM,failing,1625,1.0499999999888654,0.7989518411864167
GW150914,C01:SEOBNRv4PHM,failing,463,4.499999999988486,0.8227457909763992
GW150914,C01:SEOBNRv4PHM,failing,525,5.049999999988425,0.6738830686664545
GW150914,C01:SEOBNRv4PHM,failing,567,-3.5500000000106278,0.8311227315763225
GW150914,C01:SEOBNRv4PHM,failing,531,-0.20000000001099694,0.787166865443818
GW150914,C01:SEOBNRv4PHM,failing,1430,4.399999999988497,0.8512973794797737
GW150914,C01:SEOBNRv4PHM,failing,539,0.7999999999888929,1.0824419529512277
GW150914,C01:SEOBNRv4PHM,failing,1175,3.8999999999885517,0.9727441885070197
GW150914,C01:SEOBNRv4PHM,failing,1634,-3.0000000000106883,0.9329566394619447
GW150914,C01:SEOBNRv4PHM,failing,994,2.9499999999886564,0.7972411594700258
GW150914,C01:SEOBNRv4PHM,failing,433,4.349999999988502,0.8376102625979966
GW150914,C01:SEOBNRv4PHM,failing,1457,4.399999999988497,0.820285175741203
GW150914,C01:SEOBNRv4PHM,failing,1470,-5.950000000010363,0.8569524433508225
GW150914,C01:SEOBNRv4PHM,failing,1172,4.249999999988513,0.9194302544363004
GW150914,C01:SEOBNRv4PHM,failing,343,3.4499999999886013,0.8919936402764016
GW150914,C01:SEOBNRv4PHM,failing,1237,5.4999999999883755,0.813927155473225
GW150914,C01:SEOBNRv4PHM,failing,1317,1.6499999999887993,0.8711118190465068
GW150914,C01:SEOBNRv4PHM,failing,346,-5.2500000000104405,0.8714697103890825
GW150914,C01:SEOBNRv4PHM,failing,1295,-3.250000000010661,0.7796274015923113
GW150914,C01:SEOBNRv4PHM,failing,1113,5.149999999988414,0.8349901959263052
GW150914,C01:SEOBNRv4PHM,failing,1082,1.0999999999888599,0.7976381189374516
GW150914,C01:SEOBNRv4PHM,failing,588,4.499999999988486,0.7058390310236736
GW150914,C01:SEOBNRv4PHM,failing,1566,-1.9500000000108042,0.8395448819978488
GW150914,C01:SEOBNRv4PHM,failing,683,3.499999999988596,0.80254187209462
GW150914,C01:SEOBNRv4PHM,failing,1001,0.7999999999888929,0.7294316398473508
GW150914,C01:SEOBNRv4PHM,failing,679,3.299999999988618,1.049205567844609
GW150914,C01:SEOBNRv4PHM,failing,1633,3.5999999999885848,0.8111379717123962
GW150914,C01:SEOBNRv4PHM,failing,317,-1.6500000000108372,0.7752787179027326
GW150914,C01:SEOBNRv4PHM,failing,329,4.749999999988458,0.8116993699469852
GW150914,C01:SEOBNRv4PHM,failing,591,2.799999999988673,0.881349791299768
GW150914,C01:SEOBNRv4PHM,failing,250,4.799999999988453,0.7969794733524753
GW150914,C01:SEOBNRv4PHM,failing,1273,3.9499999999885462,0.781857371191311
GW150914,C01:SEOBNRv4PHM,failing,201,-2.9000000000106994,0.7956105122760336
GW150914,C01:SEOBNRv4PHM,failing,1442,-6.25000000001033,0.9528825313681768
GW150914,C01:SEOBNRv4PHM,failing,982,0.599999999988915,0.7411102996825563
GW150914,C01:SEOBNRv4PHM,failing,1577,-4.650000000010507,0.8867970328538617
GW150914,C01:SEOBNRv4PHM,failing,1334,3.4499999999886013,0.8875789819910213
GW150914,C01:SEOBNRv4PHM,failing,894,0.49999999998892597,0.8616394815556612
GW150914,C01:SEOBNRv4PHM,failing,1581,2.999999999988651,0.7418538681619667
GW170814,C01:SEOBNRv4PHM,failing,2198,-0.10000000001100795,1.0262745214091409
GW170814,C01:SEOBNRv4PHM,failing,8807,1.5999999999888048,1.1696520762290232
GW170814,C01:SEOBNRv4PHM,failing,5635,1.4499999999888213,0.9828910389311497
GW170814,C01:SEOBNRv4PHM,failing,2247,0.7499999999888984,0.9733298644485965
GW170814,C01:SEOBNRv4PHM,failing,1474,0.299999999988948,1.1507389261065744
GW170814,C01:SEOBNRv4PHM,failing,9656,-1.1018963519404679e-11,1.1831456440652763
GW170814,C01:SEOBNRv4PHM,failing,1728,0.04999999998897553,1.2652909691396894
GW170814,C01:SEOBNRv4PHM,failing,2049,-0.10000000001100795,1.098746249940408
GW170814,C01:SEOBNRv4PHM,failing,11795,0.299999999988948,0.872614239854894
GW170814,C01:SEOBNRv4PHM,failing,6725,-0.4500000000109694,1.0490454290539923
GW170814,C01:SEOBNRv4PHM,failing,5538,-0.3500000000109804,0.8947719681341462
GW170814,C01:SEOBNRv4PHM,failing,1374,-0.5500000000109584,1.0349907703641863
GW170814,C01:SEOBNRv4PHM,failing,605,-1.5000000000108538,0.71551438226782
GW170814,C01:SEOBNRv4PHM,failing,5217,0.599999999988915,1.247925381819906
GW170814,C01:SEOBNRv4PHM,failing,1151,-0.4500000000109694,1.039284353724512
GW170814,C01:SEOBNRv4PHM,failing,9508,0.49999999998892597,1.122696670814966
GW170814,C01:SEOBNRv4PHM,failing,11269,-0.15000000001100244,1.0378705288753833
GW170814,C01:SEOBNRv4PHM,failing,3442,-5.000000000010468,1.157998312670281
GW170814,C01:SEOBNRv4PHM,failing,11304,-1.1000000000108978,0.8221971393628563
GW170814,C01:SEOBNRv4PHM,failing,7269,-10.850000000009825,0.8106138367101008
GW170814,C01:SEOBNRv4PHM,failing,13755,0.2499999999889535,1.0519724179937302
GW170814,C01:SEOBNRv4PHM,failing,3599,0.49999999998892597,0.9399268191705622
GW170814,C01:SEOBNRv4PHM,failing,238,-1.5500000000108483,1.008304663142413
GW170814,C01:SEOBNRv4PHM,failing,3730,-0.3000000000109859,1.0563283548130864
GW170814,C01:SEOBNRv4PHM,failing,6313,-0.9500000000109143,1.1080294478760733
GW170814,C01:SEOBNRv4PHM,failing,3458,0.2499999999889535,1.0130487862962143
GW170814,C01:SEOBNRv4PHM,failing,4417,0.6499999999889094,1.1899748180290899
GW170814,C01:SEOBNRv4PHM,failing,4948,1.4499999999888213,1.047098598502445
GW170814,C01:SEOBNRv4PHM,failing,9065,-0.15000000001100244,0.9079195475628815
GW170814,C01:SEOBNRv4PHM,failing,2787,-1.8500000000108152,0.9292526029865253
GW170814,C01:SEOBNRv4PHM,failing,9521,-3.5000000000106333,1.0156159296763103
GW170814,C01:SEOBNRv4PHM,failing,6973,-10.80000000000983,1.4427833302607767
GW170814,C01:SEOBNRv4PHM,failing,10101,-0.05000000001101346,0.9291447797613106
GW170814,C01:SEOBNRv4PHM,failing,2553,-1.9500000000108042,1.109023147440384
GW170814,C01:SEOBNRv4PHM,failing,7709,-0.7500000000109364,1.0149336255087968
GW170814,C01:SEOBNRv4PHM,failing,395,-1.1018963519404679e-11,1.0608474533136683
GW170814,C01:SEOBNRv4PHM,failing,9601,0.3499999999889425,1.0808139868244262
GW170814,C01:SEOBNRv4PHM,failing,2291,-1.4500000000108593,1.0778134833851383
GW170814,C01:SEOBNRv4PHM,failing,3209,-0.4500000000109694,0.9349813213651536
GW170814,C01:SEOBNRv4PHM,failing,5099,0.3499999999889425,1.0140978222272012
GW170814,C01:SEOBNRv4PHM,failing,6140,-0.20000000001099694,1.0630089220797123
GW170814,C01:SEOBNRv4PHM,failing,2065,-0.05000000001101346,1.0994169537228808
GW170814,C01:SEOBNRv4PHM,failing,6806,-0.9500000000109143,1.1611346438987031
GW170814,C01:SEOBNRv4PHM,failing,9337,-0.4000000000109749,0.9229935728102621
GW170814,C01:SEOBNRv4PHM,failing,457,0.8999999999888819,0.9551345400728558
GW170814,C01:SEOBNRv4PHM,failing,13495,-0.8000000000109309,0.9599200119158596
GW170814,C01:SEOBNRv4PHM,failing,11675,-1.7000000000108317,1.2081592489332214
GW170814,C01:SEOBNRv4PHM,failing,8796,-0.9500000000109143,1.0416145084881612
GW170814,C01:SEOBNRv4PHM,failing,199,0.199999999988959,1.0544700963568725
GW170814,C01:SEOBNRv4PHM,failing,2751,0.299999999988948,1.1497852211724713
GW170814,C01:SEOBNRv4PHM,failing,6377,-1.1018963519404679e-11,0.8497672144368329
GW170814,C01:SEOBNRv4PHM,failing,11550,-1.1000000000108978,1.0707048358013038
GW170814,C01:SEOBNRv4PHM,failing,10514,-1.1018963519404679e-11,1.0948485285675282
GW170814,C01:SEOBNRv4PHM,failing,8559,-0.7000000000109419,1.0721682593800632
GW170814,C01:SEOBNRv4PHM,failing,12584,0.199999999988959,1.1750262669925882
GW170814,C01:SEOBNRv4PHM,failing,5625,-0.20000000001099694,0.994471613659012
GW170814,C01:SEOBNRv4PHM,failing,4256,-10.100000000009906,1.223467394679773
GW170814,C01:SEOBNRv4PHM,failing,13759,-1.3500000000108703,0.9398959577345053
GW170814,C01:SEOBNRv4PHM,failing,10585,-0.7500000000109364,1.063182268959375
GW170814,C01:SEOBNRv4PHM,failing,278,-2.250000000010771,0.9113715457170535
GW170814,C01:SEOBNRv4PHM,failing,302,-1.1018963519404679e-11,1.0330658567790276
GW170814,C01:SEOBNRv4PHM,failing,1584,-1.2000000000108868,1.0412631121196325
GW170814,C01:SEOBNRv4PHM,failing,988,0.199999999988959,1.116348106014292
GW170814,C01:SEOBNRv4PHM,failing,665,-1.1000000000108978,0.987888048116718
GW170814,C01:SEOBNRv4PHM,failing,7134,-1.6000000000108427,0.8269917402332181
GW170814,C01:SEOBNRv4PHM,failing,11566,-0.9000000000109198,0.7500545195308301
GW170814,C01:SEOBNRv4PHM,failing,12147,-5.100000000010457,1.033372827902085
GW170814,C01:SEOBNRv4PHM,failing,7931,-1.1018963519404679e-11,0.9560597233331071
GW170814,C01:SEOBNRv4PHM,failing,991,-0.4000000000109749,1.0974131396500484
GW170814,C01:SEOBNRv4PHM,failing,10722,-1.5500000000108483,1.107463488809497
GW170814,C01:SEOBNRv4PHM,failing,7085,-0.20000000001099694,1.0766642105201483
GW170814,C01:SEOBNRv4PHM,failing,4055,0.599999999988915,1.3265640135581727
GW170814,C01:SEOBNRv4PHM,failing,10649,-0.5500000000109584,0.9721957762679274
GW170814,C01:SEOBNRv4PHM,failing,11163,-0.20000000001099694,1.1798378595117711
GW170814,C01:SEOBNRv4PHM,failing,9366,-9.35000000000999,1.1246878855275744
GW170814,C01:SEOBNRv4PHM,failing,745,0.7499999999888984,0.9321198206681983
GW170814,C01:SEOBNRv4PHM,failing,3630,-6.150000000010341,1.0274878668173135
GW170814,C01:SEOBNRv4PHM,failing,4046,-0.9500000000109143,0.8145972100115788
GW170814,C01:SEOBNRv4PHM,failing,7051,0.14999999998896452,1.007737392062769
GW170814,C01:SEOBNRv4PHM,failing,4002,0.3499999999889425,1.1092335573089207
GW170814,C01:SEOBNRv4PHM,failing,8871,-1.4000000000108648,1.102716476484509
GW170814,C01:SEOBNRv4PHM,failing,11114,1.3999999999888268,1.0352293661313727
GW170814,C01:SEOBNRv4PHM,failing,970,0.3499999999889425,0.9907982146155407
GW170814,C01:SEOBNRv4PHM,failing,7813,-1.2500000000108813,1.1694564417884545
GW170814,C01:SEOBNRv4PHM,failing,482,-0.5500000000109584,0.8182818673802077
GW170814,C01:SEOBNRv4PHM,failing,11275,-8.900000000010039,0.7277821295745094
GW170814,C01:SEOBNRv4PHM,failing,3756,0.9499999999888764,0.9591805550527507
GW170814,C01:SEOBNRv4PHM,failing,5147,-0.5000000000109639,1.2938382740179124
GW170814,C01:SEOBNRv4PHM,failing,13193,0.599999999988915,1.1668914933384154
GW170814,C01:SEOBNRv4PHM,failing,778,-0.8000000000109309,1.094839667531089
GW170814,C01:SEOBNRv4PHM,failing,10851,-1.7500000000108262,1.2039218082133019
GW170814,C01:SEOBNRv4PHM,failing,10720,-0.8000000000109309,0.8386160286012598
GW170814,C01:SEOBNRv4PHM,failing,12512,-0.7500000000109364,0.7540835782302692
GW170814,C01:SEOBNRv4PHM,failing,4859,-0.5000000000109639,0.961054401383687
GW170814,C01:SEOBNRv4PHM,failing,13885,-0.6000000000109529,0.9083468121376729
GW170814,C01:SEOBNRv4PHM,failing,12098,0.599999999988915,1.3005539094518546
GW170814,C01:SEOBNRv4PHM,failing,390,-0.6500000000109474,0.9331538266929789
GW170814,C01:SEOBNRv4PHM,failing,10020,-1.5500000000108483,0.8576196406343568
GW170814,C01:SEOBNRv4PHM,failing,3176,-1.1018963519404679e-11,0.9961424480600106
GW170814,C01:SEOBNRv4PHM,failing,8123,-0.3500000000109804,1.004280592166174
GW170814,C01:SEOBNRv4PHM,failing,5775,-0.5000000000109639,0.9999004770245589
GW170814,C01:SEOBNRv4PHM,failing,1675,-11.600000000009741,1.1181160434647535
GW170814,C01:SEOBNRv4PHM,failing,3296,0.6999999999889039,0.9716301457809743
GW170814,C01:SEOBNRv4PHM,failing,157,0.04999999998897553,1.0390268173834054
GW170814,C01:SEOBNRv4PHM,failing,9234,0.199999999988959,0.8074885541453211
GW170814,C01:SEOBNRv4PHM,failing,9278,-1.6500000000108372,1.081093466753381
GW170814,C01:SEOBNRv4PHM,failing,3782,-1.0500000000109033,0.8871540528880266
GW170814,C01:SEOBNRv4PHM,failing,10837,0.9999999999888709,0.9045089871713321
GW170814,C01:SEOBNRv4PHM,failing,13344,0.6499999999889094,1.0217712005553028
GW170814,C01:SEOBNRv4PHM,failing,8160,1.5499999999888103,1.0371518940821327
GW170814,C01:SEOBNRv4PHM,failing,6742,-0.5000000000109639,1.2246976944420027
GW170814,C01:SEOBNRv4PHM,failing,12689,-1.7000000000108317,1.1229070966861159
GW170814,C01:SEOBNRv4PHM,failing,12253,0.9999999999888709,1.0937386362704533
GW170814,C01:SEOBNRv4PHM,failing,5770,-1.1000000000108978,1.1121809422138929
GW170814,C01:SEOBNRv4PHM,failing,3405,0.399999999988937,1.14184090205
GW170814,C01:SEOBNRv4PHM,failing,10085,0.49999999998892597,1.0465651679216168
GW170814,C01:SEOBNRv4PHM,failing,13728,0.199999999988959,1.0735896516489871
GW170814,C01:SEOBNRv4PHM,failing,13711,-0.15000000001100244,1.0199453003853025
GW170814,C01:SEOBNRv4PHM,failing,223,0.09999999998897002,1.0624093635745868
GW170814,C01:SEOBNRv4PHM,failing,5870,1.3999999999888268,1.1295433743699053
GW170814,C01:SEOBNRv4PHM,failing,13151,0.2499999999889535,0.9653461310663827
GW170814,C01:SEOBNRv4PHM,failing,8100,0.599999999988915,1.2160472895078545
GW170814,C01:SEOBNRv4PHM,failing,10095,-0.8500000000109253,0.9293249465144704
GW170814,C01:SEOBNRv4PHM,failing,7446,0.04999999998897553,0.5999850763189533
GW170814,C01:SEOBNRv4PHM,failing,5206,0.6999999999889039,0.8856880426593567
GW170814,C01:SEOBNRv4PHM,failing,1052,0.2499999999889535,1.0954436019413443
GW170814,C01:SEOBNRv4PHM,failing,3142,-0.9500000000109143,1.1266916536456788
GW170814,C01:SEOBNRv4PHM,failing,5131,0.2499999999889535,1.1194952350027525
GW170814,C01:SEOBNRv4PHM,failing,3881,-1.1000000000108978,0.9063534004378374
GW170814,C01:SEOBNRv4PHM,failing,9687,-0.05000000001101346,0.9399055958366643
GW170814,C01:SEOBNRv4PHM,failing,3072,0.49999999998892597,1.0043346560673398
GW170814,C01:SEOBNRv4PHM,failing,7354,-0.8000000000109309,1.0451503442088281
GW170814,C01:SEOBNRv4PHM,failing,9089,-0.7000000000109419,1.2349952295039508
GW170814,C01:SEOBNRv4PHM,failing,3271,-0.10000000001100795,1.03881639882935
GW170814,C01:SEOBNRv4PHM,failing,13875,0.599999999988915,0.9946266800876057
GW170814,C01:SEOBNRv4PHM,failing,9348,-1.2500000000108813,0.9559913753280459
GW170814,C01:SEOBNRv4PHM,failing,12992,-0.6000000000109529,1.2364727388780958
GW170814,C01:SEOBNRv4PHM,failing,12280,-1.3500000000108703,0.9244123551743495
GW170814,C01:SEOBNRv4PHM,failing,1753,-1.2000000000108868,0.7263342113353507
GW170814,C01:SEOBNRv4PHM,failing,12441,1.1499999999888544,1.0066756617108505
GW170814,C01:SEOBNRv4PHM,failing,4951,-0.4500000000109694,1.0747211393337976
GW170814,C01:SEOBNRv4PHM,failing,2628,1.1499999999888544,1.0365253504722802
GW170814,C01:SEOBNRv4PHM,failing,4986,0.8999999999888819,1.0981082905496895
GW170814,C01:SEOBNRv4PHM,failing,2941,-1.7000000000108317,0.9169407227391808
GW170814,C01:SEOBNRv4PHM,failing,12637,0.399999999988937,1.1607477722563269
GW170814,C01:SEOBNRv4PHM,failing,13115,-0.7000000000109419,1.1461660860134482
GW170814,C01:SEOBNRv4PHM,failing,5242,1.1499999999888544,1.1798854451414864
GW170814,C01:SEOBNRv4PHM,failing,12013,-0.5000000000109639,0.8212823091164927
GW170814,C01:SEOBNRv4PHM,failing,13388,-0.05000000001101346,0.8821531625131376
GW170814,C01:SEOBNRv4PHM,failing,11372,-2.0000000000107985,1.1188941408213235
GW170814,C01:SEOBNRv4PHM,failing,6891,-11.100000000009796,0.9454517013257352
GW170814,C01:SEOBNRv4PHM,failing,6776,1.5999999999888048,1.0531122328215907
GW170814,C01:SEOBNRv4PHM,failing,3096,1.1499999999888544,1.0070432274217809
GW170814,C01:SEOBNRv4PHM,failing,298,-1.3000000000108758,1.0976598698111917
GW170814,C01:SEOBNRv4PHM,failing,5656,0.6499999999889094,1.0481141242182792
GW170814,C01:SEOBNRv4PHM,failing,5265,0.14999999998896452,1.0806171950921963
GW170814,C01:SEOBNRv4PHM,failing,5391,-0.8000000000109309,1.0966410457464626
GW170814,C01:SEOBNRv4PHM,failing,8348,0.6999999999889039,1.0941588349018818
GW170814,C01:SEOBNRv4PHM,failing,12805,0.399999999988937,1.168477923531922
GW170814,C01:SEOBNRv4PHM,failing,8830,-0.15000000001100244,1.0496581058154888
GW170814,C01:SEOBNRv4PHM,failing,2074,-3.4000000000106443,1.079866947756519
GW170814,C01:SEOBNRv4PHM,failing,1210,0.199999999988959,1.073435126029728
GW170814,C01:SEOBNRv4PHM,failing,6173,0.49999999998892597,0.9787559788723761
GW170814,C01:SEOBNRv4PHM,failing,9099,0.7499999999888984,0.9402765065196144
GW170814,C01:SEOBNRv4PHM,failing,10013,-0.20000000001099694,1.158790752007513
GW170814,C01:SEOBNRv4PHM,failing,920,-0.7000000000109419,1.0600137910843899
GW170814,C01:SEOBNRv4PHM,failing,4006,1.0499999999888654,1.240187064159325
GW170814,C01:SEOBNRv4PHM,failing,1596,0.6499999999889094,1.3279439570203249
GW170814,C01:SEOBNRv4PHM,failing,598,-1.5500000000108483,1.1207361988119875
GW170814,C01:SEOBNRv4PHM,failing,13630,-1.0000000000109088,1.0673619982796525
GW170814,C01:SEOBNRv4PHM,failing,9319,-11.80000000000972,1.0629570651717186
GW170814,C01:SEOBNRv4PHM,failing,4992,-0.3000000000109859,1.0753756708927322
GW170814,C01:SEOBNRv4PHM,failing,7897,-1.1500000000108923,1.0710041390651341
GW170814,C01:SEOBNRv4PHM,failing,4022,-10.550000000009858,0.93431965392885
GW170814,C01:SEOBNRv4PHM,failing,1590,-0.9500000000109143,0.9730979559658598
GW170814,C01:SEOBNRv4PHM,failing,12420,-0.9000000000109198,1.1408194058607555
GW170814,C01:SEOBNRv4PHM,failing,5601,0.599999999988915,0.9613232660656866
GW170814,C01:SEOBNRv4PHM,failing,6320,-1.1000000000108978,1.1106533131266316
GW170814,C01:SEOBNRv4PHM,failing,743,-0.15000000001100244,0.9337413892837285
GW170814,C01:SEOBNRv4PHM,failing,13865,0.6499999999889094,1.2019694582339513
GW170814,C01:SEOBNRv4PHM,failing,9936,-1.7000000000108317,1.14140764017533
GW170814,C01:SEOBNRv4PHM,failing,9686,0.8999999999888819,1.0711494571840787
GW170814,C01:SEOBNRv4PHM,failing,3607,-0.4000000000109749,0.6962946000972994
GW170814,C01:SEOBNRv4PHM,failing,4229,-9.950000000009924,0.8741623917782646
GW170814,C01:SEOBNRv4PHM,failing,8207,-7.700000000010171,0.8844016020165772
GW170814,C01:SEOBNRv4PHM,failing,3419,0.399999999988937,1.0994672025668124
GW170814,C01:SEOBNRv4PHM,failing,10581,-9.300000000009994,1.131816253542177
GW170814,C01:SEOBNRv4PHM,failing,3108,-0.6500000000109474,1.059656851275021
GW170814,C01:SEOBNRv4PHM,failing,9861,0.14999999998896452,0.9591828051324512
GW170814,C01:SEOBNRv4PHM,failing,12720,-2.0000000000107985,0.7335104541026569
GW170814,C01:SEOBNRv4PHM,failing,10527,-4.550000000010518,0.9986647624207515
GW170814,C01:SEOBNRv4PHM,failing,6610,1.0499999999888654,0.9739246573154202
GW170814,C01:SEOBNRv4PHM,failing,9320,0.599999999988915,1.0451149038102483
GW170814,C01:SEOBNRv4PHM,failing,5545,-0.7000000000109419,1.0004842313814402
GW170814,C01:SEOBNRv4PHM,failing,9684,0.09999999998897002,0.848574808989348
GW170814,C01:SEOBNRv4PHM,failing,765,-0.5500000000109584,1.0185063898994284
GW170814,C01:SEOBNRv4PHM,failing,1608,-0.9000000000109198,1.1412788523675725
GW170814,C01:SEOBNRv4PHM,failing,4198,-1.4500000000108593,1.1286944305264868
GW170814,C01:SEOBNRv4PHM,failing,7172,-10.35000000000988,0.8900454818140665
GW170814,C01:SEOBNRv4PHM,failing,9290,-0.5500000000109584,0.9303937839178281
GW190706_222641,C01:SEOBNRv4PHM,failing,1225,-25.750000000008182,1.0601041813783683
GW190706_222641,C01:SEOBNRv4PHM,failing,2053,6.949999999988216,0.9600493144593851
GW190706_222641,C01:SEOBNRv4PHM,failing,1286,11.499999999987715,0.7386318448075874
GW190706_222641,C01:SEOBNRv4PHM,failing,832,9.599999999987924,0.6993208483015627
GW190706_222641,C01:SEOBNRv4PHM,failing,39,4.09999999998853,0.8306570889700081
GW190706_222641,C01:SEOBNRv4PHM,failing,1785,8.299999999988067,0.824974643295695
GW190706_222641,C01:SEOBNRv4PHM,failing,1465,-4.35000000001054,0.7904250559018908
GW190706_222641,C01:SEOBNRv4PHM,failing,1091,-22.400000000008554,0.5421345447692016
GW190706_222641,C01:SEOBNRv4PHM,failing,2026,-31.50000000000755,0.8963629547141029
GW190706_222641,C01:SEOBNRv4PHM,failing,55,10.649999999987807,0.8526266217569021
GW190706_222641,C01:SEOBNRv4PHM,failing,313,12.549999999987598,0.8674262330723795
GW190706_222641,C01:SEOBNRv4PHM,failing,2472,-25.05000000000826,0.8304457136507152
GW190706_222641,C01:SEOBNRv4PHM,failing,311,-4.500000000010523,0.7467570504627872
GW190706_222641,C01:SEOBNRv4PHM,failing,1429,-32.050000000007486,0.9309174043137979
GW190706_222641,C01:SEOBNRv4PHM,failing,2442,-24.300000000008342,0.9131756382473994
GW190706_222641,C01:SEOBNRv4PHM,failing,947,-17.600000000009082,0.7623024136672425
GW190706_222641,C01:SEOBNRv4PHM,failing,2147,3.0499999999886453,0.7813185722323891
GW190706_222641,C01:SEOBNRv4PHM,failing,409,-21.750000000008622,0.45605745440397694
GW190706_222641,C01:SEOBNRv4PHM,failing,2235,-27.300000000008012,0.9450377552789914
GW190706_222641,C01:SEOBNRv4PHM,failing,148,-29.60000000000776,0.9350617465475192
GW190706_222641,C01:SEOBNRv4PHM,failing,1761,-25.80000000000818,0.9337878242469212
GW190706_222641,C01:SEOBNRv4PHM,failing,895,12.749999999987576,1.1857503328344827
GW190706_222641,C01:SEOBNRv4PHM,failing,1077,-26.350000000008116,0.6858875833684346
GW190706_222641,C01:SEOBNRv4PHM,failing,2368,11.199999999987748,0.8066847553280795
GW190706_222641,C01:SEOBNRv4PHM,failing,13,-30.75000000000763,0.8060891155253725
GW190706_222641,C01:SEOBNRv4PHM,failing,2878,-19.400000000008884,0.7426398513794015
GW190706_222641,C01:SEOBNRv4PHM,failing,2933,8.399999999988056,0.8314688985697445
GW190706_222641,C01:SEOBNRv4PHM,failing,720,11.34999999998773,0.5124467721150876
GW190706_222641,C01:SEOBNRv4PHM,failing,2056,1.4999999999888158,0.5181596247163907
GW190706_222641,C01:SEOBNRv4PHM,failing,2727,-29.300000000007792,0.6710913239410168
GW190706_222641,C01:SEOBNRv4PHM,failing,2976,-27.450000000007996,0.6707449840611583
GW190706_222641,C01:SEOBNRv4PHM,failing,766,-26.5000000000081,0.8343618133275258
GW190706_222641,C01:SEOBNRv4PHM,failing,228,13.749999999987466,0.7868651518634581
GW190706_222641,C01:SEOBNRv4PHM,failing,2048,7.899999999988111,0.6918344149114953
GW190706_222641,C01:SEOBNRv4PHM,failing,113,-11.000000000009807,0.8982486278084294
GW190706_222641,C01:SEOBNRv4PHM,failing,2484,12.149999999987642,0.8693087218661079
GW190706_222641,C01:SEOBNRv4PHM,failing,46,-34.45000000000722,0.6566622070732413
GW190706_222641,C01:SEOBNRv4PHM,failing,1491,-15.70000000000929,0.7932035402968433
GW190706_222641,C01:SEOBNRv4PHM,failing,2273,12.099999999987649,0.7602086624332646
GW190706_222641,C01:SEOBNRv4PHM,failing,2982,-8.950000000010034,0.6240599940276722
GW190706_222641,C01:SEOBNRv4PHM,failing,2810,7.249999999988183,0.4943699619270374
GW190706_222641,C01:SEOBNRv4PHM,failing,1719,-27.100000000008034,0.7638897826384746
GW190706_222641,C01:SEOBNRv4PHM,failing,95,-28.650000000007864,0.9093120949841239
GW190706_222641,C01:SEOBNRv4PHM,failing,72,6.349999999988282,0.8977557573183742
GW190706_222641,C01:SEOBNRv4PHM,failing,136,-30.900000000007616,0.9150525561475841
GW190706_222641,C01:SEOBNRv4PHM,failing,1608,9.949999999987885,0.9144558786047083
GW190706_222641,C01:SEOBNRv4PHM,failing,91,-29.300000000007792,0.7590733724061902
GW190706_222641,C01:SEOBNRv4PHM,failing,1817,-31.400000000007562,0.5360676634836695
GW190706_222641,C01:SEOBNRv4PHM,failing,753,12.049999999987653,0.7303007318828089
GW190706_222641,C01:SEOBNRv4PHM,failing,1753,-30.550000000007653,1.0457646777492968
GW190706_222641,C01:SEOBNRv4PHM,failing,991,-22.60000000000853,0.7906975204410118
GW190706_222641,C01:SEOBNRv4PHM,failing,2709,4.849999999988447,0.8553679468334043
GW190706_222641,C01:SEOBNRv4PHM,failing,176,-30.400000000007672,0.8301745339281126
GW190706_222641,C01:SEOBNRv4PHM,failing,2770,8.849999999988006,0.8463920087435387
GW190706_222641,C01:SEOBNRv4PHM,failing,191,-24.100000000008365,0.7695184534550363
GW190706_222641,C01:SEOBNRv4PHM,failing,391,11.049999999987763,0.846633648035192
GW190706_222641,C01:SEOBNRv4PHM,failing,1444,10.299999999987847,0.7911721382387177
GW190706_222641,C01:SEOBNRv4PHM,failing,3049,-28.900000000007836,0.6122336803060527
GW190706_222641,C01:SEOBNRv4PHM,failing,1559,12.949999999987554,0.656755297177567
GW190706_222641,C01:SEOBNRv4PHM,failing,2870,9.99999999998788,0.8097975171373774
GW190706_222641,C01:SEOBNRv4PHM,failing,2712,9.949999999987885,0.8741169506703047
GW190706_222641,C01:SEOBNRv4PHM,failing,1790,-4.550000000010518,0.8512819899822601
GW190706_222641,C01:SEOBNRv4PHM,failing,632,-24.650000000008305,0.8820530129334715
GW190706_222641,C01:SEOBNRv4PHM,failing,954,-18.70000000000896,0.6852007548162642
GW190706_222641,C01:SEOBNRv4PHM,failing,2902,-3.050000000010683,0.6269780517024602
GW190706_222641,C01:SEOBNRv4PHM,failing,1814,10.699999999987803,0.9648245700130699
GW190706_222641,C01:SEOBNRv4PHM,failing,1132,-25.05000000000826,0.6627879856729982
GW190706_222641,C01:SEOBNRv4PHM,failing,1261,-26.300000000008122,0.6350319395436299
GW190706_222641,C01:SEOBNRv4PHM,failing,1766,-26.650000000008085,0.7078255524102397
GW190706_222641,C01:SEOBNRv4PHM,failing,2094,-17.450000000009098,0.8190598961350675
GW190706_222641,C01:SEOBNRv4PHM,failing,553,10.799999999987792,0.8849670573562333
GW190706_222641,C01:SEOBNRv4PHM,failing,965,10.199999999987858,1.0271486368314995
GW190706_222641,C01:SEOBNRv4PHM,failing,1846,11.399999999987726,0.9327976460328088
GW190706_222641,C01:SEOBNRv4PHM,failing,789,-4.450000000010529,0.7855669010250004
GW190706_222641,C01:SEOBNRv4PHM,failing,1313,-23.15000000000847,0.6712684700749524
GW190706_222641,C01:SEOBNRv4PHM,failing,2010,-30.95000000000761,0.745379619353446
GW190706_222641,C01:SEOBNRv4PHM,failing,793,-27.900000000007946,0.845180060166266
GW190706_222641,C01:SEOBNRv4PHM,failing,1338,-17.650000000009076,1.0396927590590967
GW190706_222641,C01:SEOBNRv4PHM,failing,2828,8.549999999988039,0.7968900095912544
GW190706_222641,C01:SEOBNRv4PHM,failing,1252,-29.000000000007827,0.5288570422495826
GW190706_222641,C01:SEOBNRv4PHM,failing,2656,-28.650000000007864,0.8733275807368505
GW190706_222641,C01:SEOBNRv4PHM,failing,656,-29.300000000007792,0.8394721262827153
GW190706_222641,C01:SEOBNRv4PHM,failing,2595,-4.250000000010551,1.0161141469325403
GW190706_222641,C01:SEOBNRv4PHM,failing,1877,-22.100000000008585,0.7658288512969875
GW190706_222641,C01:SEOBNRv4PHM,failing,2549,-25.95000000000816,0.8349220870760203
GW190706_222641,C01:SEOBNRv4PHM,failing,1679,-30.850000000007622,0.7022151782033944
GW190706_222641,C01:SEOBNRv4PHM,failing,1222,14.449999999987389,0.6604747710629013
GW190706_222641,C01:SEOBNRv4PHM,failing,690,-25.650000000008195,0.8353330735153097
GW190706_222641,C01:SEOBNRv4PHM,failing,644,-26.75000000000807,0.8558151494046706
GW190706_222641,C01:SEOBNRv4PHM,failing,2277,-29.300000000007792,0.8091178821316184
GW190706_222641,C01:SEOBNRv4PHM,failing,1161,-26.25000000000813,1.0155433064292079
GW190706_222641,C01:SEOBNRv4PHM,failing,1579,12.649999999987587,0.6486318875814286
GW190706_222641,C01:SEOBNRv4PHM,failing,2569,-22.000000000008598,0.8699303786817297
GW190706_222641,C01:SEOBNRv4PHM,failing,1300,-26.450000000008107,0.9834281635226171
GW190706_222641,C01:SEOBNRv4PHM,failing,1085,-26.550000000008094,0.9753640847191859
GW190706_222641,C01:SEOBNRv4PHM,failing,663,15.799999999987241,0.9130267668372622
GW190706_222641,C01:SEOBNRv4PHM,failing,321,9.399999999987946,0.7904645546695079
GW190706_222641,C01:SEOBNRv4PHM,failing,3081,-25.750000000008182,0.87072393508971
GW190706_222641,C01:SEOBNRv4PHM,failing,1529,11.249999999987741,0.7489047635471122
GW190706_222641,C01:SEOBNRv4PHM,failing,2850,-29.000000000007827,0.7963970683429996
GW190706_222641,C01:SEOBNRv4PHM,failing,2826,-25.95000000000816,1.0063679357608646
GW190706_222641,C01:SEOBNRv4PHM,failing,2402,-24.400000000008333,0.5378507886480184
GW190706_222641,C01:SEOBNRv4PHM,failing,1619,2.8499999999886674,1.000280478240696
GW190706_222641,C01:SEOBNRv4PHM,failing,1082,3.3499999999886123,0.8017563416738798
GW190706_222641,C01:SEOBNRv4PHM,failing,2400,-29.850000000007732,0.7967032396864193
GW190706_222641,C01:SEOBNRv4PHM,failing,2661,-16.650000000009186,0.7728668407234244
GW190706_222641,C01:SEOBNRv4PHM,failing,2325,-25.650000000008195,0.6781603971239107
GW190706_222641,C01:SEOBNRv4PHM,failing,1201,-2.35000000001076,0.7369845256652199
GW190706_222641,C01:SEOBNRv4PHM,failing,1944,-23.900000000008387,0.6809197421364939
GW190706_222641,C01:SEOBNRv4PHM,failing,30,-27.450000000007996,0.8629749913439286
GW190706_222641,C01:SEOBNRv4PHM,failing,1526,-25.25000000000824,0.7742191287767998
GW190706_222641,C01:SEOBNRv4PHM,failing,2385,-6.200000000010336,0.8024695363159937
GW190706_222641,C01:SEOBNRv4PHM,failing,1492,11.249999999987741,0.6675148609893536
GW190706_222641,C01:SEOBNRv4PHM,failing,2409,-29.95000000000772,0.6619902141934715
GW190706_222641,C01:SEOBNRv4PHM,failing,3084,-29.400000000007783,0.8137209277312889
GW190706_222641,C01:SEOBNRv4PHM,failing,771,-23.200000000008465,0.7457557875138091
GW190706_222641,C01:SEOBNRv4PHM,failing,157,-31.0500000000076,1.0026231673603887
GW190706_222641,C01:SEOBNRv4PHM,failing,10,-28.850000000007842,0.874715319626681
GW190706_222641,C01:SEOBNRv4PHM,failing,1189,-26.650000000008085,0.8965844889810475
GW190706_222641,C01:SEOBNRv4PHM,failing,602,-16.200000000009236,0.9145838825124636
GW190706_222641,C01:SEOBNRv4PHM,failing,1821,-4.150000000010562,0.8505158919776297
GW190706_222641,C01:SEOBNRv4PHM,failing,556,9.149999999987973,1.0455129914596226
GW190706_222641,C01:SEOBNRv4PHM,failing,1034,-26.650000000008085,0.632966362969917
GW190706_222641,C01:SEOBNRv4PHM,failing,2553,-19.900000000008827,0.8290231094576771
GW190706_222641,C01:SEOBNRv4PHM,failing,2241,-28.100000000007924,0.6860337248616722
GW190706_222641,C01:SEOBNRv4PHM,failing,1158,-19.650000000008855,0.8705971805243569
GW190706_222641,C01:SEOBNRv4PHM,failing,1656,-29.50000000000777,1.0164660352335344
GW190706_222641,C01:SEOBNRv4PHM,failing,1676,-2.950000000010694,0.8169181442604334
GW190706_222641,C01:SEOBNRv4PHM,failing,1533,-31.350000000007565,0.5755789638159576
GW190706_222641,C01:SEOBNRv4PHM,failing,3065,-30.80000000000763,0.8580659143839313
GW190706_222641,C01:SEOBNRv4PHM,failing,1416,-28.75000000000785,0.9744469931761556
GW190706_222641,C01:SEOBNRv4PHM,failing,880,18.099999999986988,0.4569448665814061
GW190706_222641,C01:SEOBNRv4PHM,failing,1436,-28.50000000000788,0.722962219815554
GW190706_222641,C01:SEOBNRv4PHM,failing,1941,11.149999999987752,0.8134475401884903
GW190706_222641,C01:SEOBNRv4PHM,failing,2947,-30.95000000000761,0.7661882538702284
GW190706_222641,C01:SEOBNRv4PHM,failing,1165,-27.700000000007968,0.9604222993407249
GW190706_222641,C01:SEOBNRv4PHM,failing,2653,-28.200000000007915,0.7536191413625176
GW190706_222641,C01:SEOBNRv4PHM,failing,2527,-18.850000000008944,0.9112551655602137
GW190706_222641,C01:SEOBNRv4PHM,failing,1828,8.649999999988028,0.908331614344357
GW190706_222641,C01:SEOBNRv4PHM,failing,54,7.049999999988205,0.750758301373115
GW190706_222641,C01:SEOBNRv4PHM,failing,2748,-28.450000000007886,0.8192831321830607
GW190706_222641,C01:SEOBNRv4PHM,failing,1923,-29.200000000007805,0.8674561051688421
GW190706_222641,C01:SEOBNRv4PHM,failing,2509,-25.550000000008204,0.8400561296382021
GW190706_222641,C01:SEOBNRv4PHM,failing,1581,-25.80000000000818,0.6887637343606168
GW190706_222641,C01:SEOBNRv4PHM,failing,1622,13.649999999987477,0.530523253173965
GW190706_222641,C01:SEOBNRv4PHM,failing,717,13.799999999987461,0.7246584699169566
GW190706_222641,C01:SEOBNRv4PHM,failing,1231,-27.350000000008006,0.8854156016919704
GW190706_222641,C01:SEOBNRv4PHM,failing,1847,1.1999999999888489,0.7714034670857376
GW190706_222641,C01:SEOBNRv4PHM,failing,1674,13.34999999998751,0.5945979104484839
GW190706_222641,C01:SEOBNRv4PHM,failing,958,7.699999999988133,0.6348844365228491
GW190706_222641,C01:SEOBNRv4PHM,failing,725,-18.100000000009025,1.1434641787739588
GW190706_222641,C01:SEOBNRv4PHM,failing,1769,-15.6000000000093,0.9218375978551958
GW190706_222641,C01:SEOBNRv4PHM,failing,445,-18.550000000008975,0.850940891310625
GW190706_222641,C01:SEOBNRv4PHM,failing,2188,-30.200000000007694,0.6954478780906196
GW190706_222641,C01:SEOBNRv4PHM,failing,2922,11.049999999987763,0.8569520492479104
GW190706_222641,C01:SEOBNRv4PHM,failing,8,-31.450000000007556,0.9671735144825319
GW190706_222641,C01:SEOBNRv4PHM,failing,151,13.799999999987461,0.9024582565286958
GW190706_222641,C01:SEOBNRv4PHM,failing,1090,-28.400000000007893,0.8475022546588089
GW190706_222641,C01:SEOBNRv4PHM,failing,1143,-26.25000000000813,0.8841563061225207
GW190706_222641,C01:SEOBNRv4PHM,failing,2655,-3.6500000000106168,0.9965393251336495
GW190706_222641,C01:SEOBNRv4PHM,failing,1210,15.649999999987257,1.0112548790752747
GW190706_222641,C01:SEOBNRv4PHM,failing,1577,-26.400000000008113,0.8768576399921674
GW190706_222641,C01:SEOBNRv4PHM,failing,1524,-29.95000000000772,0.8375077390766926
GW190706_222641,C01:SEOBNRv4PHM,failing,2411,-26.150000000008138,0.7352978775147898
GW190706_222641,C01:SEOBNRv4PHM,failing,2455,-3.8500000000105947,0.870338269676152
GW190706_222641,C01:SEOBNRv4PHM,failing,363,16.249999999987192,0.9102700599401331
GW190706_222641,C01:SEOBNRv4PHM,failing,2336,13.549999999987488,0.733785967924519
GW190706_222641,C01:SEOBNRv4PHM,failing,3055,-5.600000000010402,0.9202154203046214
GW190706_222641,C01:SEOBNRv4PHM,failing,953,-26.450000000008107,1.0787556215050715
GW190706_222641,C01:SEOBNRv4PHM,failing,2882,-28.300000000007902,0.9623457525480984
GW190706_222641,C01:SEOBNRv4PHM,failing,2654,-28.80000000000785,0.7903221326655527
GW190706_222641,C01:SEOBNRv4PHM,failing,2398,-27.000000000008047,0.8134399036949301
GW190706_222641,C01:SEOBNRv4PHM,failing,1607,-23.05000000000848,1.0527215614219783
GW190706_222641,C01:SEOBNRv4PHM,failing,1504,-16.15000000000924,0.8066047069429385
GW190706_222641,C01:SEOBNRv4PHM,failing,2594,9.44999999998794,1.216390638125045
GW190706_222641,C01:SEOBNRv4PHM,failing,1796,-26.5000000000081,0.68602084379027
GW190706_222641,C01:SEOBNRv4PHM,failing,96,-28.60000000000787,0.5076796818037749
GW190706_222641,C01:SEOBNRv4PHM,failing,2474,-30.450000000007666,0.8010391357023879
GW190706_222641,C01:SEOBNRv4PHM,failing,2714,-30.60000000000765,0.8135955483342701
GW190706_222641,C01:SEOBNRv4PHM,failing,1935,-26.75000000000807,0.8860806656396659
GW190706_222641,C01:SEOBNRv4PHM,failing,1227,-26.60000000000809,0.8142056284876156
GW190706_222641,C01:SEOBNRv4PHM,failing,2333,12.949999999987554,0.8195991772175427
GW190706_222641,C01:SEOBNRv4PHM,failing,677,-23.550000000008424,0.8941754689518028
GW190706_222641,C01:SEOBNRv4PHM,failing,1432,-22.350000000008556,0.8607364284595358
GW190706_222641,C01:SEOBNRv4PHM,failing,2744,11.99999999998766,0.7616551886212873
GW190706_222641,C01:SEOBNRv4PHM,failing,627,-10.450000000009869,0.7737036496655721
GW190706_222641,C01:SEOBNRv4PHM,failing,1055,-27.400000000008003,0.5491347181680206
GW190706_222641,C01:SEOBNRv4PHM,failing,1415,-28.900000000007836,0.8012696724085523
GW190706_222641,C01:SEOBNRv4PHM,failing,586,-28.05000000000793,0.8149870176371609
GW190706_222641,C01:SEOBNRv4PHM,failing,2323,-32.15000000000748,0.6323800224838584
GW190706_222641,C01:SEOBNRv4PHM,failing,1658,-27.700000000007968,0.8954196576289297
GW190706_222641,C01:SEOBNRv4PHM,failing,2864,11.299999999987737,0.9385017874094755
GW190706_222641,C01:SEOBNRv4PHM,failing,2620,-26.700000000008078,0.916703668337292
GW190706_222641,C01:SEOBNRv4PHM,failing,1388,-19.750000000008843,0.8135289888937244
GW190706_222641,C01:SEOBNRv4PHM,failing,3057,13.99999999998744,0.5703150645275932
GW190706_222641,C01:SEOBNRv4PHM,failing,2815,-27.95000000000794,0.9190796513298959
GW190706_222641,C01:SEOBNRv4PHM,failing,2164,-30.100000000007704,0.7571796418063422
GW190706_222641,C01:SEOBNRv4PHM,failing,2508,11.34999999998773,0.8493996791860445
GW190706_222641,C01:SEOBNRv4PHM,failing,599,11.699999999987693,0.7077467774680417
GW190706_222641,C01:SEOBNRv4PHM,failing,446,-28.850000000007842,0.7980385910111094
GW200129_065458,C01:SEOBNRv4PHM,failing,1201,-6.350000000010319,0.6743655782069022
GW200129_065458,C01:SEOBNRv4PHM,failing,1157,-1.2000000000108868,0.7328066114557537
GW200129_065458,C01:SEOBNRv4PHM,failing,2015,-1.7500000000108262,0.6885320886698251
GW200129_065458,C01:SEOBNRv4PHM,failing,4264,0.399999999988937,0.789209978446473
GW200129_065458,C01:SEOBNRv4PHM,failing,4381,2.0499999999887555,0.7363338022105747
GW200129_065458,C01:SEOBNRv4PHM,failing,25,0.299999999988948,0.8665513184914538
GW200129_065458,C01:SEOBNRv4PHM,failing,2981,0.199999999988959,0.7669415256015559
GW200129_065458,C01:SEOBNRv4PHM,failing,3281,-0.10000000001100795,0.752559340184373
GW200129_065458,C01:SEOBNRv4PHM,failing,2290,-6.200000000010336,0.6937074561538091
GW200129_065458,C01:SEOBNRv4PHM,failing,4099,1.1999999999888489,0.7913877819153656
GW200129_065458,C01:SEOBNRv4PHM,failing,4116,1.0499999999888654,0.7735569318651149
GW200129_065458,C01:SEOBNRv4PHM,failing,3999,-1.1000000000108978,0.7322774133838776
GW200129_065458,C01:SEOBNRv4PHM,failing,561,0.9499999999888764,0.6850002365785273
GW200129_065458,C01:SEOBNRv4PHM,failing,1271,-1.8500000000108152,0.6868053498055701
GW200129_065458,C01:SEOBNRv4PHM,failing,2625,-0.25000000001099143,0.7672619554038352
GW200129_065458,C01:SEOBNRv4PHM,failing,3630,-4.450000000010529,0.5236136133176734
GW200129_065458,C01:SEOBNRv4PHM,failing,487,1.1499999999888544,0.6608508752957286
GW200129_065458,C01:SEOBNRv4PHM,failing,1116,0.6999999999889039,0.7801512366287852
GW200129_065458,C01:SEOBNRv4PHM,failing,300,0.3499999999889425,0.7535806448990301
GW200129_065458,C01:SEOBNRv4PHM,failing,1459,0.6999999999889039,0.7912471254957049
GW200129_065458,C01:SEOBNRv4PHM,failing,3939,-5.7500000000103855,0.9159440417751548
GW200129_065458,C01:SEOBNRv4PHM,failing,1538,-0.6000000000109529,0.73395714494123
GW200129_065458,C01:SEOBNRv4PHM,failing,958,-0.6000000000109529,0.7818317799885818
GW200129_065458,C01:SEOBNRv4PHM,failing,4397,-3.7000000000106112,0.7522717805213
GW200129_065458,C01:SEOBNRv4PHM,failing,635,0.399999999988937,0.8154881242698503
GW200129_065458,C01:SEOBNRv4PHM,failing,2686,-0.10000000001100795,0.7856990826845139
GW200129_065458,C01:SEOBNRv4PHM,failing,2821,1.0499999999888654,0.800881804123796
GW200129_065458,C01:SEOBNRv4PHM,failing,3177,0.2499999999889535,0.8111439233174355
GW200129_065458,C01:SEOBNRv4PHM,failing,2235,-0.9000000000109198,0.7088008349832575
GW200129_065458,C01:SEOBNRv4PHM,failing,978,-1.2000000000108868,0.7999177726058981
GW200129_065458,C01:SEOBNRv4PHM,failing,55,-3.0000000000106883,0.7583813929116983
GW200129_065458,C01:SEOBNRv4PHM,failing,1026,-0.6000000000109529,0.8293473895846
GW200129_065458,C01:SEOBNRv4PHM,failing,4351,-0.6000000000109529,0.7959225012515792
GW200129_065458,C01:SEOBNRv4PHM,failing,3186,-4.950000000010474,0.6083798924075287
GW200129_065458,C01:SEOBNRv4PHM,failing,2198,-4.950000000010474,0.7018789981072057
GW200129_065458,C01:SEOBNRv4PHM,failing,4513,0.9999999999888709,0.6934150170056327
GW200129_065458,C01:SEOBNRv4PHM,failing,4167,0.14999999998896452,0.8477153300397836
GW200129_065458,C01:SEOBNRv4PHM,failing,3197,1.6999999999887938,0.6878066041542812
GW200129_065458,C01:SEOBNRv4PHM,failing,796,-4.200000000010556,0.8901190361488428
GW200129_065458,C01:SEOBNRv4PHM,failing,2613,0.6499999999889094,0.8831857926223615
GW200129_065458,C01:SEOBNRv4PHM,failing,3247,-0.4000000000109749,0.7036939363154397
GW200129_065458,C01:SEOBNRv4PHM,failing,1316,0.5499999999889205,0.7409844696311263
GW200129_065458,C01:SEOBNRv4PHM,failing,3853,0.8499999999888874,0.7684729672943366
GW200129_065458,C01:SEOBNRv4PHM,failing,2060,0.199999999988959,0.7165940221303423
GW200129_065458,C01:SEOBNRv4PHM,failing,3766,0.9999999999888709,0.787698514269405
GW200129_065458,C01:SEOBNRv4PHM,failing,185,0.299999999988948,0.7916270695275287
GW200129_065458,C01:SEOBNRv4PHM,failing,157,1.4499999999888213,0.8801189418749957
GW200129_065458,C01:SEOBNRv4PHM,failing,2891,0.8499999999888874,0.7612431969781216
GW200129_065458,C01:SEOBNRv4PHM,failing,3591,1.2999999999888379,0.7944088945872765
GW200129_065458,C01:SEOBNRv4PHM,failing,4192,0.3499999999889425,0.6313774723136247
GW200129_065458,C01:SEOBNRv4PHM,failing,2428,-1.6500000000108372,0.7025870087048661
GW200129_065458,C01:SEOBNRv4PHM,failing,4406,1.2499999999888434,0.7243423612634508
GW200129_065458,C01:SEOBNRv4PHM,failing,3821,0.9499999999888764,0.7506205931642218
GW200129_065458,C01:SEOBNRv4PHM,failing,2830,1.9499999999887663,0.8403341401433938
GW200129_065458,C01:SEOBNRv4PHM,failing,1080,1.4499999999888213,0.7080541424580571
GW200129_065458,C01:SEOBNRv4PHM,failing,1293,1.5499999999888103,0.6787092056528263
GW200129_065458,C01:SEOBNRv4PHM,failing,1667,0.6999999999889039,0.7375313758486608
GW200129_065458,C01:SEOBNRv4PHM,failing,281,-0.05000000001101346,0.6850690033169343
GW200129_065458,C01:SEOBNRv4PHM,failing,3927,1.6999999999887938,0.7840739424001699
GW200129_065458,C01:SEOBNRv4PHM,failing,1131,-5.600000000010402,0.7352722816560597
GW200129_065458,C01:SEOBNRv4PHM,failing,1878,-0.8000000000109309,0.6948677556325763
GW200129_065458,C01:SEOBNRv4PHM,failing,1884,0.9499999999888764,0.7352191816425644
GW200129_065458,C01:SEOBNRv4PHM,failing,2420,2.09999999998875,0.72573631496437
GW200129_065458,C01:SEOBNRv4PHM,failing,3688,0.8499999999888874,0.7263977860809796
GW200129_065458,C01:SEOBNRv4PHM,failing,4284,-5.600000000010402,0.8604187159826525
GW200129_065458,C01:SEOBNRv4PHM,failing,3638,1.1499999999888544,0.7311457850308747
GW200129_065458,C01:SEOBNRv4PHM,failing,1249,0.7499999999888984,0.6938840584480502
GW200129_065458,C01:SEOBNRv4PHM,failing,2707,1.0999999999888599,0.8173936487494945
GW200129_065458,C01:SEOBNRv4PHM,failing,707,1.3499999999888324,0.8758049465779616
GW200129_065458,C01:SEOBNRv4PHM,failing,3189,0.09999999998897002,0.8775065081578738
GW200129_065458,C01:SEOBNRv4PHM,failing,1273,-0.15000000001100244,0.7412041309257416
GW200129_065458,C01:SEOBNRv4PHM,failing,1424,0.7499999999888984,0.6438095535208267
GW200129_065458,C01:SEOBNRv4PHM,failing,3602,0.5499999999889205,0.7201108662086638
GW200129_065458,C01:SEOBNRv4PHM,failing,3920,1.1499999999888544,0.7480319782483769
GW200129_065458,C01:SEOBNRv4PHM,failing,390,0.199999999988959,0.8309126765221914
GW200129_065458,C01:SEOBNRv4PHM,failing,1760,1.3999999999888268,0.7321972924234769
GW200129_065458,C01:SEOBNRv4PHM,failing,3079,-5.8500000000103745,0.7184870436821482
GW200129_065458,C01:SEOBNRv4PHM,failing,2592,-0.9500000000109143,0.6805819146158756
GW200129_065458,C01:SEOBNRv4PHM,failing,3629,-1.2500000000108813,0.76680394684467
GW200129_065458,C01:SEOBNRv4PHM,failing,133,0.5499999999889205,0.7587520715472972
GW200129_065458,C01:SEOBNRv4PHM,failing,3803,-0.20000000001099694,0.7932241652282122
GW200129_065458,C01:SEOBNRv4PHM,failing,4226,0.7999999999888929,0.7654171109071934
GW200129_065458,C01:SEOBNRv4PHM,failing,1210,-0.10000000001100795,0.6816096591698335
GW200129_065458,C01:SEOBNRv4PHM,failing,3541,1.6999999999887938,0.697261367735883
GW200129_065458,C01:SEOBNRv4PHM,failing,2884,1.3499999999888324,0.8417441902506817
GW200129_065458,C01:SEOBNRv4PHM,failing,1160,-1.2000000000108868,0.7507595947547231
GW200129_065458,C01:SEOBNRv4PHM,failing,3702,0.3499999999889425,0.7843481633377757
GW200129_065458,C01:SEOBNRv4PHM,failing,3805,0.8499999999888874,0.6926076733413645
GW200129_065458,C01:SEOBNRv4PHM,failing,3383,-0.7500000000109364,0.687401519288426
GW200129_065458,C01:SEOBNRv4PHM,failing,400,0.04999999998897553,0.7218102553931042
GW200129_065458,C01:SEOBNRv4PHM,failing,3150,-0.8000000000109309,0.8267450540548132
GW200129_065458,C01:SEOBNRv4PHM,failing,1765,0.6999999999889039,0.6806356055277832
GW200129_065458,C01:SEOBNRv4PHM,failing,4103,-0.10000000001100795,0.7623865122131941
GW200129_065458,C01:SEOBNRv4PHM,failing,468,0.7999999999888929,0.7513778225485518
GW200129_065458,C01:SEOBNRv4PHM,failing,232,-1.0000000000109088,0.9008316939642238
GW200129_065458,C01:SEOBNRv4PHM,failing,2594,1.6999999999887938,0.9903761453355503
GW200129_065458,C01:SEOBNRv4PHM,failing,685,-0.10000000001100795,0.705732792788597
GW200129_065458,C01:SEOBNRv4PHM,failing,3196,1.0999999999888599,0.7598474658731658
GW200129_065458,C01:SEOBNRv4PHM,failing,3976,1.1499999999888544,0.7460596375769148
GW200129_065458,C01:SEOBNRv4PHM,failing,3323,-0.8500000000109253,0.7228929060650112
GW200129_065458,C01:SEOBNRv4PHM,failing,550,-2.150000000010782,0.7662611432170844
GW200129_065458,C01:SEOBNRv4PHM,failing,1351,-0.9000000000109198,0.7677490926933848
GW200129_065458,C01:SEOBNRv4PHM,failing,896,-4.000000000010578,0.70662555119032
GW200129_065458,C01:SEOBNRv4PHM,failing,661,-0.05000000001101346,0.7775434299595159
GW200129_065458,C01:SEOBNRv4PHM,failing,3422,0.7999999999888929,0.788355452678692
GW200129_065458,C01:SEOBNRv4PHM,failing,1544,-0.25000000001099143,0.7072161665304071
GW200129_065458,C01:SEOBNRv4PHM,failing,3964,-0.05000000001101346,0.6971120803702034
GW200129_065458,C01:SEOBNRv4PHM,failing,1390,0.4499999999889315,0.7853959191105541
GW200129_065458,C01:SEOBNRv4PHM,failing,3781,-2.5000000000107434,0.7013908985742996
GW200129_065458,C01:SEOBNRv4PHM,failing,4449,-6.700000000010281,0.7793504991410076
GW200129_065458,C01:SEOBNRv4PHM,failing,3536,0.199999999988959,0.6967684151126864
GW200129_065458,C01:SEOBNRv4PHM,failing,1086,-0.4000000000109749,0.6579649032972734
GW200129_065458,C01:SEOBNRv4PHM,failing,1443,0.4499999999889315,0.6324480142159086
GW200129_065458,C01:SEOBNRv4PHM,failing,3984,0.8999999999888819,0.7598179060900051
GW200129_065458,C01:SEOBNRv4PHM,failing,3643,0.5499999999889205,0.7744081529258922
GW200129_065458,C01:SEOBNRv4PHM,failing,17,-1.2500000000108813,0.6497465196424819
GW200129_065458,C01:SEOBNRv4PHM,failing,259,1.0499999999888654,0.7528654473942106
GW200129_065458,C01:SEOBNRv4PHM,failing,516,1.1999999999888489,0.72736729665562
GW200129_065458,C01:SEOBNRv4PHM,failing,4407,-1.5500000000108483,0.71374473640164
GW200129_065458,C01:SEOBNRv4PHM,failing,2373,1.0499999999888654,0.7485650260750724
GW200129_065458,C01:SEOBNRv4PHM,failing,1111,-1.2500000000108813,0.7287538005795833
GW200129_065458,C01:SEOBNRv4PHM,failing,767,1.3499999999888324,0.8169430277060183
GW200129_065458,C01:SEOBNRv4PHM,failing,2312,-0.25000000001099143,0.8631954712272658
GW200129_065458,C01:SEOBNRv4PHM,failing,87,-4.950000000010474,0.8058653354108012
GW200129_065458,C01:SEOBNRv4PHM,failing,2919,0.7999999999888929,0.7191039913008788
GW200129_065458,C01:SEOBNRv4PHM,failing,1289,1.0499999999888654,0.6794412407121406
GW200129_065458,C01:SEOBNRv4PHM,failing,64,-0.7000000000109419,0.8543863327667484
GW200129_065458,C01:SEOBNRv4PHM,failing,2468,0.8999999999888819,0.7875864641981764
GW200129_065458,C01:SEOBNRv4PHM,failing,3746,-1.1018963519404679e-11,0.7109113134322507
GW200129_065458,C01:SEOBNRv4PHM,failing,753,0.9499999999888764,0.7940765700875736
GW200129_065458,C01:SEOBNRv4PHM,failing,4500,0.8499999999888874,0.8079800924747027
GW200129_065458,C01:SEOBNRv4PHM,failing,3520,0.4499999999889315,0.6869601079210149
GW200129_065458,C01:SEOBNRv4PHM,failing,4084,-4.250000000010551,0.7008128476209962
GW200129_065458,C01:SEOBNRv4PHM,failing,761,1.0999999999888599,0.9190305064372907
GW200129_065458,C01:SEOBNRv4PHM,failing,2862,0.5499999999889205,0.8193318151199025
GW200129_065458,C01:SEOBNRv4PHM,failing,3562,-0.9000000000109198,0.7999025422921121
GW200129_065458,C01:SEOBNRv4PHM,failing,4566,0.399999999988937,0.8214826316233836
GW200129_065458,C01:SEOBNRv4PHM,failing,1601,-0.4000000000109749,0.8530221958277276
GW200129_065458,C01:SEOBNRv4PHM,failing,1975,0.49999999998892597,0.7359217538586176
GW200129_065458,C01:SEOBNRv4PHM,failing,136,-0.3500000000109804,0.7727802774842774
GW200129_065458,C01:SEOBNRv4PHM,failing,3215,-5.5500000000104075,0.7693989748031054
GW200129_065458,C01:SEOBNRv4PHM,failing,3622,0.8499999999888874,0.7895431433460431
GW200129_065458,C01:SEOBNRv4PHM,failing,894,-0.9000000000109198,0.7976876789333436
GW200129_065458,C01:SEOBNRv4PHM,failing,1931,0.3499999999889425,0.8162126401938321
GW200129_065458,C01:SEOBNRv4PHM,failing,1082,-5.900000000010369,0.728104996321974
GW200129_065458,C01:SEOBNRv4PHM,failing,209,0.3499999999889425,0.6765085256306044
GW200129_065458,C01:SEOBNRv4PHM,failing,4265,0.9999999999888709,0.7390019076098406
GW200129_065458,C01:SEOBNRv4PHM,failing,3506,-2.1000000000107875,0.765892239044113
GW200129_065458,C01:SEOBNRv4PHM,failing,3077,-0.8500000000109253,0.721449691072711
GW200129_065458,C01:SEOBNRv4PHM,failing,858,0.49999999998892597,0.6813679741615333
GW200129_065458,C01:SEOBNRv4PHM,failing,1243,0.7999999999888929,0.8051888532741425
GW200129_065458,C01:SEOBNRv4PHM,failing,3481,-0.5500000000109584,0.7411957575556102
GW200129_065458,C01:SEOBNRv4PHM,failing,844,-1.6500000000108372,0.9411106684166639
GW200129_065458,C01:SEOBNRv4PHM,failing,4070,-1.7000000000108317,0.8092556925622478
GW200129_065458,C01:SEOBNRv4PHM,failing,3462,1.5499999999888103,0.7427037675825903
GW200129_065458,C01:SEOBNRv4PHM,failing,3111,-0.4500000000109694,0.8276543663096354
GW200129_065458,C01:SEOBNRv4PHM,failing,469,-0.4500000000109694,0.8465459665405975
GW200129_065458,C01:SEOBNRv4PHM,failing,308,-0.9500000000109143,0.8074176219591322
GW200129_065458,C01:SEOBNRv4PHM,failing,2019,-0.4500000000109694,0.8016562711398001
GW200129_065458,C01:SEOBNRv4PHM,failing,2343,-1.1018963519404679e-11,0.7695146999072928
GW200129_065458,C01:SEOBNRv4PHM,failing,3090,0.14999999998896452,0.7682186366973751
GW200129_065458,C01:SEOBNRv4PHM,failing,2826,-4.900000000010479,0.75870455342582
GW200129_065458,C01:SEOBNRv4PHM,failing,939,0.299999999988948,0.7768769056845188
GW200129_065458,C01:SEOBNRv4PHM,failing,4281,-0.6500000000109474,0.6730018833702509
GW200129_065458,C01:SEOBNRv4PHM,failing,4441,0.299999999988948,0.8118448773427814
GW200129_065458,C01:SEOBNRv4PHM,failing,1500,-0.4000000000109749,0.8806728381246833
GW200129_065458,C01:SEOBNRv4PHM,failing,1036,-1.5000000000108538,0.7441943307927857
GW200129_065458,C01:SEOBNRv4PHM,failing,2952,-0.9000000000109198,0.8184895747243723
GW200129_065458,C01:SEOBNRv4PHM,failing,545,-0.5500000000109584,0.7699934361133863
GW200129_065458,C01:SEOBNRv4PHM,failing,3489,0.2499999999889535,0.7752608612539911
GW200129_065458,C01:SEOBNRv4PHM,failing,1252,-3.150000000010672,0.5960012291473418
GW200129_065458,C01:SEOBNRv4PHM,failing,3965,-1.8500000000108152,0.656868954290947
GW200129_065458,C01:SEOBNRv4PHM,failing,1452,0.3499999999889425,0.79299417620752
GW200129_065458,C01:SEOBNRv4PHM,failing,1226,-0.25000000001099143,0.8222761208176917
GW200129_065458,C01:SEOBNRv4PHM,failing,2025,-2.950000000010694,0.7556714034173266
GW200129_065458,C01:SEOBNRv4PHM,failing,1616,1.2999999999888379,0.7953045534260955
GW200129_065458,C01:SEOBNRv4PHM,failing,2677,0.399999999988937,0.8551488903374432
GW200129_065458,C01:SEOBNRv4PHM,failing,654,-0.5000000000109639,0.7447448706707797
GW200129_065458,C01:SEOBNRv4PHM,failing,1899,-4.900000000010479,0.7744424939934107
GW200129_065458,C01:SEOBNRv4PHM,failing,540,-1.8500000000108152,0.7654358437544643
GW200129_065458,C01:SEOBNRv4PHM,failing,3118,0.8499999999888874,0.8111212620910345
GW200129_065458,C01:SEOBNRv4PHM,failing,982,0.14999999998896452,0.8963898338472045
GW200129_065458,C01:SEOBNRv4PHM,failing,2325,-4.80000000001049,0.8097419556442154
GW200129_065458,C01:SEOBNRv4PHM,failing,1825,-0.3500000000109804,0.7087675891269647
GW200129_065458,C01:SEOBNRv4PHM,failing,2461,0.7999999999888929,0.7252292300671266
GW200129_065458,C01:SEOBNRv4PHM,failing,3543,0.4499999999889315,0.6835508963765682
GW200129_065458,C01:SEOBNRv4PHM,failing,3972,0.5499999999889205,0.6598334206913669
GW200129_065458,C01:SEOBNRv4PHM,failing,649,0.6999999999889039,0.8658902922182019
GW200129_065458,C01:SEOBNRv4PHM,failing,3568,1.6999999999887938,0.7684183426194915
GW200129_065458,C01:SEOBNRv4PHM,failing,1865,-6.150000000010341,0.6958089181660232
GW200129_065458,C01:SEOBNRv4PHM,failing,4200,-5.050000000010463,0.7904059167258675
GW200129_065458,C01:SEOBNRv4PHM,failing,1748,0.8499999999888874,0.7607272464894824
GW200129_065458,C01:SEOBNRv4PHM,failing,2701,1.2999999999888379,0.836215025959213
GW200129_065458,C01:SEOBNRv4PHM,failing,3052,-1.4500000000108593,0.8071145000327443
GW200129_065458,C01:SEOBNRv4PHM,failing,159,1.1499999999888544,0.9292817417856337
GW200129_065458,C01:SEOBNRv4PHM,failing,3076,0.7499999999888984,0.7518439444229116
GW200129_065458,C01:SEOBNRv4PHM,failing,2453,0.6999999999889039,0.7972577773855564
GW200129_065458,C01:SEOBNRv4PHM,failing,1949,0.8499999999888874,0.8686907522069031
GW200129_065458,C01:SEOBNRv4PHM,failing,1895,1.2999999999888379,0.7690276369901904
GW200129_065458,C01:SEOBNRv4PHM,failing,4438,-0.7500000000109364,0.8457350517901857
GW190408_181802,C01:SEOBNRv4PHM,control,1825,-1.1018963519404679e-11,1.0538592658712373
GW190408_181802,C01:SEOBNRv4PHM,control,4181,-0.05000000001101346,0.8750164272611894
GW190408_181802,C01:SEOBNRv4PHM,control,4523,-0.3000000000109859,0.8532320324076687
GW190408_181802,C01:SEOBNRv4PHM,control,1240,39.29999999998465,0.8508968156675538
GW190408_181802,C01:SEOBNRv4PHM,control,585,0.04999999998897553,0.8288837049524174
GW190408_181802,C01:SEOBNRv4PHM,control,692,37.649999999984836,0.8944087739687102
GW190408_181802,C01:SEOBNRv4PHM,control,1138,-0.15000000001100244,0.7041913064614242
GW190408_181802,C01:SEOBNRv4PHM,control,1464,37.449999999984854,0.9305596915791347
GW190408_181802,C01:SEOBNRv4PHM,control,4432,0.299999999988948,0.9533967000680028
GW190408_181802,C01:SEOBNRv4PHM,control,312,0.6499999999889094,0.9547761633484314
GW190408_181802,C01:SEOBNRv4PHM,control,210,37.89999999998481,0.8772533074466116
GW190408_181802,C01:SEOBNRv4PHM,control,2956,-0.4000000000109749,0.7476825068756608
GW190408_181802,C01:SEOBNRv4PHM,control,1572,0.4499999999889315,0.7889805714155963
GW190408_181802,C01:SEOBNRv4PHM,control,4655,-0.20000000001099694,0.9842161622943632
GW190408_181802,C01:SEOBNRv4PHM,control,3825,0.14999999998896452,0.9603571210560052
GW190408_181802,C01:SEOBNRv4PHM,control,4519,0.09999999998897002,1.0004766055767815
GW190408_181802,C01:SEOBNRv4PHM,control,503,2.699999999988684,0.6486542196849068
GW190408_181802,C01:SEOBNRv4PHM,control,3730,-0.4000000000109749,1.0066254098997118
GW190408_181802,C01:SEOBNRv4PHM,control,178,1.4499999999888213,0.8565385237093934
GW190408_181802,C01:SEOBNRv4PHM,control,4216,-0.15000000001100244,0.9036119454566067
GW190408_181802,C01:SEOBNRv4PHM,control,1286,4.049999999988535,0.7916971378673099
GW190408_181802,C01:SEOBNRv4PHM,control,46,-0.05000000001101346,0.6763637685398913
GW190408_181802,C01:SEOBNRv4PHM,control,2439,-0.20000000001099694,0.796786810680088
GW190408_181802,C01:SEOBNRv4PHM,control,2275,0.04999999998897553,0.9835953058748642
GW190408_181802,C01:SEOBNRv4PHM,control,2324,0.14999999998896452,0.9954460087905188
GW190408_181802,C01:SEOBNRv4PHM,control,2988,-0.3000000000109859,0.9495564567876261
GW190408_181802,C01:SEOBNRv4PHM,control,4300,37.49999999998485,0.6021940906301613
GW190408_181802,C01:SEOBNRv4PHM,control,4995,38.749999999984716,0.7687424271614697
GW190408_181802,C01:SEOBNRv4PHM,control,4873,0.04999999998897553,0.97579363943765
GW190408_181802,C01:SEOBNRv4PHM,control,1898,0.5499999999889205,0.8458199731816879
GW190408_181802,C01:SEOBNRv4PHM,control,3901,0.14999999998896452,0.9792023343216726
GW190408_181802,C01:SEOBNRv4PHM,control,1831,-0.3500000000109804,0.9625803272533197
GW190408_181802,C01:SEOBNRv4PHM,control,3871,0.04999999998897553,1.0582828135767681
GW190408_181802,C01:SEOBNRv4PHM,control,1207,0.199999999988959,0.7384746564728787
GW190408_181802,C01:SEOBNRv4PHM,control,3023,-0.10000000001100795,0.8973171265160093
GW190408_181802,C01:SEOBNRv4PHM,control,348,2.2499999999887335,0.9079158161494157
GW190408_181802,C01:SEOBNRv4PHM,control,1710,0.299999999988948,0.8791725065032385
GW190408_181802,C01:SEOBNRv4PHM,control,4938,1.2499999999888434,0.792655145653839
GW190408_181802,C01:SEOBNRv4PHM,control,4318,0.14999999998896452,0.9254085659869836
GW190408_181802,C01:SEOBNRv4PHM,control,2620,-0.15000000001100244,0.9266334587509379
GW190408_181802,C01:SEOBNRv4PHM,control,3095,0.599999999988915,0.9950901314588215
GW190408_181802,C01:SEOBNRv4PHM,control,4182,-0.20000000001099694,0.9610606857253453
GW190408_181802,C01:SEOBNRv4PHM,control,1329,0.6999999999889039,0.9921759513202061
GW190408_181802,C01:SEOBNRv4PHM,control,2446,-0.10000000001100795,0.911488459149172
GW190408_181802,C01:SEOBNRv4PHM,control,4933,1.1499999999888544,0.8568077781209695
GW190408_181802,C01:SEOBNRv4PHM,control,2600,1.3999999999888268,0.7317485866866731
GW190408_181802,C01:SEOBNRv4PHM,control,3309,37.29999999998487,0.7642557920900208
GW190408_181802,C01:SEOBNRv4PHM,control,1273,0.6999999999889039,0.8606361120229438
GW190408_181802,C01:SEOBNRv4PHM,control,67,37.54999999998485,0.8960833612564922
GW190408_181802,C01:SEOBNRv4PHM,control,4455,-0.05000000001101346,0.9411795787737659
GW190408_181802,C01:SEOBNRv4PHM,control,1481,-0.10000000001100795,0.9791337903939046
GW190408_181802,C01:SEOBNRv4PHM,control,1732,0.09999999998897002,0.9250021277417363
GW190408_181802,C01:SEOBNRv4PHM,control,4164,0.14999999998896452,1.0746401725966175
GW190408_181802,C01:SEOBNRv4PHM,control,3402,1.5499999999888103,0.8347488597279277
GW190408_181802,C01:SEOBNRv4PHM,control,1761,0.14999999998896452,1.3340603363262968
GW190408_181802,C01:SEOBNRv4PHM,control,2441,-0.05000000001101346,0.930664218911429
GW190408_181802,C01:SEOBNRv4PHM,control,3223,-0.3000000000109859,0.9341133140344501
GW190408_181802,C01:SEOBNRv4PHM,control,1783,-0.4500000000109694,0.8700469456096735
GW190408_181802,C01:SEOBNRv4PHM,control,156,1.2499999999888434,0.8822016586411623
GW190408_181802,C01:SEOBNRv4PHM,control,2551,2.2499999999887335,0.9153459410149641
GW190408_181802,C01:SEOBNRv4PHM,control,827,1.4499999999888213,0.813870753895411
GW190408_181802,C01:SEOBNRv4PHM,control,3995,0.2499999999889535,0.8967439350088044
GW190408_181802,C01:SEOBNRv4PHM,control,4398,-1.1018963519404679e-11,1.0985014019313157
GW190408_181802,C01:SEOBNRv4PHM,control,3061,0.2499999999889535,1.1484424068949068
GW190408_181802,C01:SEOBNRv4PHM,control,1121,0.599999999988915,0.9814257705494481
GW190408_181802,C01:SEOBNRv4PHM,control,722,0.7999999999888929,0.8087126248593114
GW190408_181802,C01:SEOBNRv4PHM,control,989,-1.1018963519404679e-11,0.9981987996004933
GW190408_181802,C01:SEOBNRv4PHM,control,3511,-0.3000000000109859,1.0608820143805788
GW190408_181802,C01:SEOBNRv4PHM,control,2461,0.04999999998897553,0.9976450940974659
GW190408_181802,C01:SEOBNRv4PHM,control,88,-0.20000000001099694,0.8068347159822424
GW190408_181802,C01:SEOBNRv4PHM,control,74,1.5999999999888048,0.9361598409485274
GW190408_181802,C01:SEOBNRv4PHM,control,2863,0.7999999999888929,0.9245882940157468
GW190408_181802,C01:SEOBNRv4PHM,control,4970,1.4999999999888158,0.8702656864952307
GW190408_181802,C01:SEOBNRv4PHM,control,818,3.399999999988607,0.7243106086103982
GW190408_181802,C01:SEOBNRv4PHM,control,1844,-0.15000000001100244,1.0127052435965471
GW190408_181802,C01:SEOBNRv4PHM,control,1809,0.09999999998897002,0.9375655079497803
GW190408_181802,C01:SEOBNRv4PHM,control,5071,2.6499999999886894,0.6712797422889972
GW190408_181802,C01:SEOBNRv4PHM,control,20,0.399999999988937,1.0025726689544212
GW190408_181802,C01:SEOBNRv4PHM,control,2753,0.4499999999889315,0.9670861342591773
GW190408_181802,C01:SEOBNRv4PHM,control,1439,-0.10000000001100795,0.8010045933431884
GW190408_181802,C01:SEOBNRv4PHM,control,556,-0.20000000001099694,0.7312624250725362
GW190408_181802,C01:SEOBNRv4PHM,control,813,2.299999999988728,0.8589970917899178
GW190408_181802,C01:SEOBNRv4PHM,control,3621,-0.15000000001100244,0.973283809479941
GW190408_181802,C01:SEOBNRv4PHM,control,1292,0.299999999988948,0.9375206432005017
GW190408_181802,C01:SEOBNRv4PHM,control,204,0.49999999998892597,0.8496460447187489
GW190408_181802,C01:SEOBNRv4PHM,control,2292,0.8499999999888874,1.0378457696737957
GW190408_181802,C01:SEOBNRv4PHM,control,3423,0.04999999998897553,0.8977897785169603
GW190408_181802,C01:SEOBNRv4PHM,control,884,1.5499999999888103,0.7738948922788067
GW190408_181802,C01:SEOBNRv4PHM,control,4236,0.04999999998897553,0.8286910275030422
GW190408_181802,C01:SEOBNRv4PHM,control,4468,-0.4000000000109749,0.8597915264618557
GW190408_181802,C01:SEOBNRv4PHM,control,3553,-1.1018963519404679e-11,1.0135673335200177
GW190408_181802,C01:SEOBNRv4PHM,control,2922,-0.3500000000109804,0.9765130472279259
GW190408_181802,C01:SEOBNRv4PHM,control,3841,1.6499999999887993,0.8240743904406461
GW190408_181802,C01:SEOBNRv4PHM,control,4861,-0.05000000001101346,0.9576697103896944
GW190408_181802,C01:SEOBNRv4PHM,control,2377,0.04999999998897553,0.948908396460037
GW190408_181802,C01:SEOBNRv4PHM,control,4404,-0.10000000001100795,1.0600736972690696
GW190408_181802,C01:SEOBNRv4PHM,control,2604,-0.15000000001100244,0.9431787449890788
GW190408_181802,C01:SEOBNRv4PHM,control,2366,0.299999999988948,0.9362537080391226
GW190408_181802,C01:SEOBNRv4PHM,control,2467,0.8999999999888819,0.6979582036479558
GW190408_181802,C01:SEOBNRv4PHM,control,1316,-0.25000000001099143,0.8781403602831949
GW190408_181802,C01:SEOBNRv4PHM,control,3763,0.04999999998897553,1.1272486180464598
GW190408_181802,C01:SEOBNRv4PHM,control,1756,0.299999999988948,0.9328253374461476
GW190408_181802,C01:SEOBNRv4PHM,control,1949,0.299999999988948,1.0003177270426475
GW190408_181802,C01:SEOBNRv4PHM,control,3798,0.14999999998896452,1.0485657611139219
GW190408_181802,C01:SEOBNRv4PHM,control,1242,0.599999999988915,0.9644383050783322
GW190408_181802,C01:SEOBNRv4PHM,control,592,2.0499999999887555,0.8020040725724352
GW190408_181802,C01:SEOBNRv4PHM,control,2751,0.199999999988959,0.9681953061901566
GW190408_181802,C01:SEOBNRv4PHM,control,3575,0.399999999988937,1.0974465108645344
GW190408_181802,C01:SEOBNRv4PHM,control,898,0.5499999999889205,0.9285184736105561
GW190408_181802,C01:SEOBNRv4PHM,control,4051,-0.25000000001099143,0.8925644282474156
GW190408_181802,C01:SEOBNRv4PHM,control,2760,2.5499999999887004,0.8732687448316774
GW190408_181802,C01:SEOBNRv4PHM,control,3672,0.299999999988948,0.9194224701356196
GW190408_181802,C01:SEOBNRv4PHM,control,1856,0.49999999998892597,0.8577833584516947
GW190408_181802,C01:SEOBNRv4PHM,control,3861,-0.20000000001099694,0.9178783969877974
GW190408_181802,C01:SEOBNRv4PHM,control,2358,-0.3000000000109859,0.9100168044400804
GW190408_181802,C01:SEOBNRv4PHM,control,4347,1.4999999999888158,1.060157139804046
GW190408_181802,C01:SEOBNRv4PHM,control,958,1.0499999999888654,0.7629659379414698
GW190408_181802,C01:SEOBNRv4PHM,control,2102,0.4499999999889315,0.8965707369940316
GW190408_181802,C01:SEOBNRv4PHM,control,917,0.09999999998897002,0.8713648205013341
GW190408_181802,C01:SEOBNRv4PHM,control,299,0.7499999999888984,0.8388228615691978
GW190408_181802,C01:SEOBNRv4PHM,control,418,-0.20000000001099694,0.6093266600356325
GW190408_181802,C01:SEOBNRv4PHM,control,610,0.6499999999889094,1.0355658493719024
GW190408_181802,C01:SEOBNRv4PHM,control,3753,-0.3000000000109859,0.9469364874314149
GW190408_181802,C01:SEOBNRv4PHM,control,3107,0.199999999988959,1.0056343913175714
GW190408_181802,C01:SEOBNRv4PHM,control,4632,0.04999999998897553,0.8424290354397399
GW190408_181802,C01:SEOBNRv4PHM,control,4665,0.399999999988937,0.91087793599351
GW190408_181802,C01:SEOBNRv4PHM,control,350,3.1499999999886343,0.9103325742489652
GW190408_181802,C01:SEOBNRv4PHM,control,1779,-0.3000000000109859,1.017463538754991
GW190408_181802,C01:SEOBNRv4PHM,control,4646,-0.15000000001100244,0.9593928128140815
GW190408_181802,C01:SEOBNRv4PHM,control,3558,-0.10000000001100795,0.7222050543963691
GW190408_181802,C01:SEOBNRv4PHM,control,562,0.299999999988948,1.0023601090734597
GW190408_181802,C01:SEOBNRv4PHM,control,3110,0.14999999998896452,0.8534459418935089
GW190408_181802,C01:SEOBNRv4PHM,control,4667,1.3999999999888268,1.1039890487989086
GW190408_181802,C01:SEOBNRv4PHM,control,3653,38.199999999984776,1.049898990585014
GW190408_181802,C01:SEOBNRv4PHM,control,4189,4.999999999988431,0.8588711264951158
GW190408_181802,C01:SEOBNRv4PHM,control,2992,4.54999999998848,0.8989031406442298
GW190408_181802,C01:SEOBNRv4PHM,control,3654,0.199999999988959,0.9661441418941923
GW190408_181802,C01:SEOBNRv4PHM,control,540,2.599999999988695,0.8758725462876418
GW190408_181802,C01:SEOBNRv4PHM,control,2898,-0.4000000000109749,1.0185903179848288
GW190408_181802,C01:SEOBNRv4PHM,control,4762,2.499999999988706,0.8056579238740004
GW190408_181802,C01:SEOBNRv4PHM,control,2768,0.09999999998897002,1.019098909423517
GW190408_181802,C01:SEOBNRv4PHM,control,2663,-0.10000000001100795,0.9020794132410598
GW190408_181802,C01:SEOBNRv4PHM,control,2940,-0.4000000000109749,1.0290694050975775
GW190408_181802,C01:SEOBNRv4PHM,control,280,0.4499999999889315,0.6653582935023775
GW190408_181802,C01:SEOBNRv4PHM,control,237,3.0499999999886453,0.7538234346260873
GW190408_181802,C01:SEOBNRv4PHM,control,1122,2.5499999999887004,0.7304077250503919
GW190408_181802,C01:SEOBNRv4PHM,control,341,0.4499999999889315,0.8319062917382828
GW190408_181802,C01:SEOBNRv4PHM,control,3140,-0.6500000000109474,0.7062686682406076
GW190408_181802,C01:SEOBNRv4PHM,control,2020,36.69999999998494,0.8844979462139636
GW190408_181802,C01:SEOBNRv4PHM,control,1884,-1.1018963519404679e-11,1.0071955898281626
GW190408_181802,C01:SEOBNRv4PHM,control,3786,-0.3000000000109859,0.8088379134771471
GW190408_181802,C01:SEOBNRv4PHM,control,2683,0.04999999998897553,0.8810096292380863
GW190408_181802,C01:SEOBNRv4PHM,control,4499,-0.10000000001100795,1.1229130549703878
GW190408_181802,C01:SEOBNRv4PHM,control,3131,-0.10000000001100795,1.1696738459616332
GW190408_181802,C01:SEOBNRv4PHM,control,2458,0.2499999999889535,0.978033219773909
GW190408_181802,C01:SEOBNRv4PHM,control,5018,0.04999999998897553,0.9645483945311055
GW190408_181802,C01:SEOBNRv4PHM,control,1924,1.2999999999888379,1.0520308106002936
GW190408_181802,C01:SEOBNRv4PHM,control,2118,0.49999999998892597,1.0508925765361146
GW190408_181802,C01:SEOBNRv4PHM,control,4476,-0.25000000001099143,0.9964031314329241
GW190408_181802,C01:SEOBNRv4PHM,control,2934,0.04999999998897553,0.8899725929520169
GW190408_181802,C01:SEOBNRv4PHM,control,1921,0.04999999998897553,1.203607742720195
GW190408_181802,C01:SEOBNRv4PHM,control,599,0.299999999988948,0.9972898694137763
GW190408_181802,C01:SEOBNRv4PHM,control,2107,0.09999999998897002,0.935068229422329
GW190408_181802,C01:SEOBNRv4PHM,control,1506,0.299999999988948,1.2483421611881333
GW190408_181802,C01:SEOBNRv4PHM,control,3164,-0.10000000001100795,0.7765819429014458
GW190408_181802,C01:SEOBNRv4PHM,control,4537,-0.20000000001099694,0.9281586501814596
GW190408_181802,C01:SEOBNRv4PHM,control,3302,0.04999999998897553,0.9351045172892382
GW190408_181802,C01:SEOBNRv4PHM,control,1002,0.14999999998896452,0.995040446762579
GW190408_181802,C01:SEOBNRv4PHM,control,857,0.14999999998896452,0.8260529660674195
GW190408_181802,C01:SEOBNRv4PHM,control,696,0.49999999998892597,0.8631854792485699
GW190408_181802,C01:SEOBNRv4PHM,control,3747,-0.3500000000109804,0.944393564133038
GW190408_181802,C01:SEOBNRv4PHM,control,1452,0.199999999988959,1.0312245668256057
GW190408_181802,C01:SEOBNRv4PHM,control,3287,-0.05000000001101346,1.0052298014685772
GW190408_181802,C01:SEOBNRv4PHM,control,2032,41.79999999998438,0.48147304242083677
GW190408_181802,C01:SEOBNRv4PHM,control,4013,0.14999999998896452,0.9691820724691883
GW190408_181802,C01:SEOBNRv4PHM,control,1116,2.09999999998875,0.5585940667629561
GW190408_181802,C01:SEOBNRv4PHM,control,644,0.09999999998897002,0.8641223152478177
GW190408_181802,C01:SEOBNRv4PHM,control,2493,-0.3000000000109859,1.022184323097275
GW190408_181802,C01:SEOBNRv4PHM,control,4274,-0.20000000001099694,0.931501590572663
GW190408_181802,C01:SEOBNRv4PHM,control,3209,0.199999999988959,0.8148411683467328
GW190408_181802,C01:SEOBNRv4PHM,control,2064,-0.4500000000109694,0.8162181662761935
GW190408_181802,C01:SEOBNRv4PHM,control,3188,1.9999999999887608,0.8200079317880532
GW190408_181802,C01:SEOBNRv4PHM,control,4065,-1.1018963519404679e-11,0.9840919625237672
GW190408_181802,C01:SEOBNRv4PHM,control,4040,0.14999999998896452,1.0106790600909585
GW190408_181802,C01:SEOBNRv4PHM,control,4305,0.04999999998897553,0.970844065707077
GW190408_181802,C01:SEOBNRv4PHM,control,1189,-0.10000000001100795,0.8882448490065994
GW190408_181802,C01:SEOBNRv4PHM,control,505,-0.15000000001100244,0.49413417679087895
GW190408_181802,C01:SEOBNRv4PHM,control,2365,-0.15000000001100244,0.9265801077425625
GW190408_181802,C01:SEOBNRv4PHM,control,935,0.6499999999889094,1.014251867239328
GW190408_181802,C01:SEOBNRv4PHM,control,1785,-0.15000000001100244,0.9030306721454447
GW190408_181802,C01:SEOBNRv4PHM,control,5087,-0.05000000001101346,0.8949228731555386
GW190408_181802,C01:SEOBNRv4PHM,control,2888,0.7499999999888984,1.0519548567652974
GW190408_181802,C01:SEOBNRv4PHM,control,590,0.09999999998897002,0.8110919613363079
GW190408_181802,C01:SEOBNRv4PHM,control,303,3.399999999988607,0.8553376057509161
GW190408_181802,C01:SEOBNRv4PHM,control,4766,0.6499999999889094,0.9048449522251677
GW190408_181802,C01:SEOBNRv4PHM,control,3686,0.04999999998897553,0.8287261777469002
GW190408_181802,C01:SEOBNRv4PHM,control,262,0.7999999999888929,1.12656734294595
GW190408_181802,C01:SEOBNRv4PHM,control,1952,1.3999999999888268,0.8551478046975766
GW190408_181802,C01:SEOBNRv4PHM,control,1847,-1.1018963519404679e-11,0.8805175582455266
GW190408_181802,C01:SEOBNRv4PHM,control,953,0.4499999999889315,0.9771439002501081
GW191216_213338,C01:SEOBNRv4PHM,control,6386,0.8499999999888874,0.8440204683962196
GW191216_213338,C01:SEOBNRv4PHM,control,6565,-2.750000000010716,0.8907661634048513
GW191216_213338,C01:SEOBNRv4PHM,control,1314,-1.7000000000108317,0.7686452135026406
GW191216_213338,C01:SEOBNRv4PHM,control,6065,1.7999999999887828,0.8629549026781831
GW191216_213338,C01:SEOBNRv4PHM,control,5384,-3.050000000010683,0.8902106650127607
GW191216_213338,C01:SEOBNRv4PHM,control,6209,5.949999999988326,0.9022614058823643
GW191216_213338,C01:SEOBNRv4PHM,control,1459,38.94999999998469,0.8284333942898418
GW191216_213338,C01:SEOBNRv4PHM,control,6119,-0.4000000000109749,0.9976719038581298
GW191216_213338,C01:SEOBNRv4PHM,control,6821,9.199999999987968,0.960271847089225
GW191216_213338,C01:SEOBNRv4PHM,control,1412,-1.2000000000108868,0.7635726222789226
GW191216_213338,C01:SEOBNRv4PHM,control,336,-2.2000000000107764,0.9086058453772244
GW191216_213338,C01:SEOBNRv4PHM,control,2981,-2.35000000001076,0.8583613599746608
GW191216_213338,C01:SEOBNRv4PHM,control,6741,1.4999999999888158,0.830471956690833
GW191216_213338,C01:SEOBNRv4PHM,control,294,1.8499999999887773,0.8794434757003413
GW191216_213338,C01:SEOBNRv4PHM,control,3975,-1.1018963519404679e-11,0.8098341550461555
GW191216_213338,C01:SEOBNRv4PHM,control,6446,-3.150000000010672,0.8277551217596671
GW191216_213338,C01:SEOBNRv4PHM,control,1002,-0.8500000000109253,0.896158104530984
GW191216_213338,C01:SEOBNRv4PHM,control,6608,1.4999999999888158,0.8374454235042056
GW191216_213338,C01:SEOBNRv4PHM,control,1274,2.399999999988717,0.7830960114117522
GW191216_213338,C01:SEOBNRv4PHM,control,6711,6.049999999988315,0.8786969924429986
GW191216_213338,C01:SEOBNRv4PHM,control,2957,-1.6000000000108427,0.8028195445502363
GW191216_213338,C01:SEOBNRv4PHM,control,1162,-2.150000000010782,0.9369127145907952
GW191216_213338,C01:SEOBNRv4PHM,control,3952,-1.2000000000108868,0.7661585616812222
GW191216_213338,C01:SEOBNRv4PHM,control,1413,-2.750000000010716,0.7463496380896126
GW191216_213338,C01:SEOBNRv4PHM,control,6040,-2.0000000000107985,0.8506682398974217
GW191216_213338,C01:SEOBNRv4PHM,control,5267,-0.15000000001100244,0.9016306713272411
GW191216_213338,C01:SEOBNRv4PHM,control,1758,4.399999999988497,1.0090224920950637
GW191216_213338,C01:SEOBNRv4PHM,control,1464,5.6999999999883535,0.782330037108471
GW191216_213338,C01:SEOBNRv4PHM,control,4831,-1.8000000000108207,0.8731441153314761
GW191216_213338,C01:SEOBNRv4PHM,control,1160,0.7999999999888929,0.8041228993685389
GW191216_213338,C01:SEOBNRv4PHM,control,2604,-3.150000000010672,0.8373602746603103
GW191216_213338,C01:SEOBNRv4PHM,control,3505,38.799999999984706,0.7794843559410538
GW191216_213338,C01:SEOBNRv4PHM,control,4756,-0.25000000001099143,0.8370355291007435
GW191216_213338,C01:SEOBNRv4PHM,control,6155,-0.5500000000109584,0.8904431985182436
GW191216_213338,C01:SEOBNRv4PHM,control,3806,-1.1500000000108923,0.793165926449389
GW191216_213338,C01:SEOBNRv4PHM,control,6734,-2.7000000000107214,0.8136980019191881
GW191216_213338,C01:SEOBNRv4PHM,control,3757,37.24999999998488,0.8771959884000031
GW191216_213338,C01:SEOBNRv4PHM,control,3630,-2.2000000000107764,0.8810800726228857
GW191216_213338,C01:SEOBNRv4PHM,control,1593,-1.3500000000108703,0.913519826520298
GW191216_213338,C01:SEOBNRv4PHM,control,312,38.49999999998474,0.8250425164211644
GW191216_213338,C01:SEOBNRv4PHM,control,2805,38.549999999984735,0.8753140116148389
GW191216_213338,C01:SEOBNRv4PHM,control,4660,-2.0000000000107985,0.7447472822895299
GW191216_213338,C01:SEOBNRv4PHM,control,5222,-1.9000000000108097,0.8777938274409885
GW191216_213338,C01:SEOBNRv4PHM,control,5786,38.59999999998473,0.8276522182099391
GW191216_213338,C01:SEOBNRv4PHM,control,4505,-1.2000000000108868,0.8608420397553328
GW191216_213338,C01:SEOBNRv4PHM,control,1840,-0.4000000000109749,0.9519775516938846
GW191216_213338,C01:SEOBNRv4PHM,control,2141,-2.650000000010727,0.9039878560131734
GW191216_213338,C01:SEOBNRv4PHM,control,1285,10.699999999987803,0.8668815194082591
GW191216_213338,C01:SEOBNRv4PHM,control,205,0.199999999988959,1.0556903187982967
GW191216_213338,C01:SEOBNRv4PHM,control,1904,-2.450000000010749,0.7220299210109132
GW191216_213338,C01:SEOBNRv4PHM,control,1922,-3.250000000010661,0.9300087246734637
GW191216_213338,C01:SEOBNRv4PHM,control,3511,38.8499999999847,0.6979770324062693
GW191216_213338,C01:SEOBNRv4PHM,control,1981,5.54999999998837,0.8195043162100316
GW191216_213338,C01:SEOBNRv4PHM,control,6827,-0.6500000000109474,0.9347569728986945
GW191216_213338,C01:SEOBNRv4PHM,control,2041,-1.4500000000108593,0.92963930843529
GW191216_213338,C01:SEOBNRv4PHM,control,5481,38.799999999984706,0.7896394318785818
GW191216_213338,C01:SEOBNRv4PHM,control,5503,4.699999999988464,0.8597700861850109
GW191216_213338,C01:SEOBNRv4PHM,control,4057,-2.9000000000106994,0.7508699916496161
GW191216_213338,C01:SEOBNRv4PHM,control,4836,-1.1000000000108978,0.7972213829946454
GW191216_213338,C01:SEOBNRv4PHM,control,5744,-1.8000000000108207,0.8848878768613624
GW191216_213338,C01:SEOBNRv4PHM,control,4129,-2.3000000000107654,0.9144947228713262
GW191216_213338,C01:SEOBNRv4PHM,control,6742,-1.1000000000108978,1.0301618421809184
GW191216_213338,C01:SEOBNRv4PHM,control,403,-1.8500000000108152,0.9323229771405788
GW191216_213338,C01:SEOBNRv4PHM,control,1945,-1.9000000000108097,0.8015154977677207
GW191216_213338,C01:SEOBNRv4PHM,control,1850,-2.750000000010716,0.8325032315672133
GW191216_213338,C01:SEOBNRv4PHM,control,3122,8.399999999988056,0.8083701399413299
GW191216_213338,C01:SEOBNRv4PHM,control,3004,0.6499999999889094,0.6418553626016292
GW191216_213338,C01:SEOBNRv4PHM,control,2792,-3.0000000000106883,0.899268300707286
GW191216_213338,C01:SEOBNRv4PHM,control,2198,0.09999999998897002,0.7733620622457125
GW191216_213338,C01:SEOBNRv4PHM,control,1340,5.249999999988403,0.8694530388390476
GW191216_213338,C01:SEOBNRv4PHM,control,585,-2.0000000000107985,0.9582875733303572
GW191216_213338,C01:SEOBNRv4PHM,control,6427,-3.050000000010683,0.9033124863191923
GW191216_213338,C01:SEOBNRv4PHM,control,298,0.6999999999889039,0.8875729426446614
GW191216_213338,C01:SEOBNRv4PHM,control,4497,0.2499999999889535,0.8116192131389843
GW191216_213338,C01:SEOBNRv4PHM,control,6337,-2.5000000000107434,0.9273873103929378
GW191216_213338,C01:SEOBNRv4PHM,control,934,38.99999999998469,0.9009681054051057
GW191216_213338,C01:SEOBNRv4PHM,control,6095,36.549999999984955,0.7948096331591636
GW191216_213338,C01:SEOBNRv4PHM,control,5993,-2.950000000010694,0.8196570661291318
GW191216_213338,C01:SEOBNRv4PHM,control,4008,-1.0000000000109088,0.805071315288205
GW191216_213338,C01:SEOBNRv4PHM,control,917,4.499999999988486,0.8923430308656313
GW191216_213338,C01:SEOBNRv4PHM,control,2821,37.399999999984864,0.8561922672038624
GW191216_213338,C01:SEOBNRv4PHM,control,5603,-3.150000000010672,0.909277265333299
GW191216_213338,C01:SEOBNRv4PHM,control,3716,-3.0000000000106883,0.8794153776932427
GW191216_213338,C01:SEOBNRv4PHM,control,5329,-2.8000000000107104,0.8231410655636483
GW191216_213338,C01:SEOBNRv4PHM,control,25,-2.250000000010771,0.8430136756876105
GW191216_213338,C01:SEOBNRv4PHM,control,350,3.8999999999885517,0.8918579945723002
GW191216_213338,C01:SEOBNRv4PHM,control,1990,-0.5500000000109584,0.9694752264859404
GW191216_213338,C01:SEOBNRv4PHM,control,5672,0.7999999999888929,0.8449006725870452
GW191216_213338,C01:SEOBNRv4PHM,control,3324,-2.5000000000107434,0.9993550012657212
GW191216_213338,C01:SEOBNRv4PHM,control,2641,-1.8000000000108207,0.9630540243028355
GW191216_213338,C01:SEOBNRv4PHM,control,4121,6.299999999988287,0.8005185902250024
GW191216_213338,C01:SEOBNRv4PHM,control,1088,4.299999999988508,0.9317886359489537
GW191216_213338,C01:SEOBNRv4PHM,control,6365,-0.5500000000109584,0.9866841082840666
GW191216_213338,C01:SEOBNRv4PHM,control,6878,0.04999999998897553,0.9365522985046287
GW191216_213338,C01:SEOBNRv4PHM,control,211,-1.6500000000108372,0.9520682414783483
GW191216_213338,C01:SEOBNRv4PHM,control,252,9.249999999987962,0.7617959874435398
GW191216_213338,C01:SEOBNRv4PHM,control,4651,-2.35000000001076,0.8118053343693858
GW191216_213338,C01:SEOBNRv4PHM,control,72,3.299999999988618,0.9723270533122256
GW191216_213338,C01:SEOBNRv4PHM,control,6158,-2.550000000010738,0.9066946550826573
GW191216_213338,C01:SEOBNRv4PHM,control,3826,-1.2000000000108868,0.9004401506450715
GW191216_213338,C01:SEOBNRv4PHM,control,2996,-2.8000000000107104,0.8699771382289901
GW191216_213338,C01:SEOBNRv4PHM,control,3490,-3.150000000010672,0.8711071610383299
GW191216_213338,C01:SEOBNRv4PHM,control,6702,-1.4000000000108648,0.8434741727557599
GW191216_213338,C01:SEOBNRv4PHM,control,865,-1.9500000000108042,0.9092954329492234
GW191216_213338,C01:SEOBNRv4PHM,control,4601,1.1999999999888489,0.9091815271882708
GW191216_213338,C01:SEOBNRv4PHM,control,2910,-2.850000000010705,0.8850524099412036
GW191216_213338,C01:SEOBNRv4PHM,control,2098,-1.5000000000108538,1.0026802461384676
GW191216_213338,C01:SEOBNRv4PHM,control,5577,36.94999999998491,0.7607366650663994
GW191216_213338,C01:SEOBNRv4PHM,control,4534,-0.8000000000109309,0.857202587140755
GW191216_213338,C01:SEOBNRv4PHM,control,2746,38.39999999998475,0.9352432186728938
GW191216_213338,C01:SEOBNRv4PHM,control,5509,-3.0000000000106883,0.8303515458849436
GW191216_213338,C01:SEOBNRv4PHM,control,1954,-3.0000000000106883,0.8716411883340339
GW191216_213338,C01:SEOBNRv4PHM,control,2862,-2.450000000010749,0.8668336218088271
GW191216_213338,C01:SEOBNRv4PHM,control,15,2.09999999998875,0.4931555455768729
GW191216_213338,C01:SEOBNRv4PHM,control,2354,38.39999999998475,0.8403584770211636
GW191216_213338,C01:SEOBNRv4PHM,control,2139,-1.5500000000108483,0.8806336181464663
GW191216_213338,C01:SEOBNRv4PHM,control,5995,6.449999999988271,0.8292289734381497
GW191216_213338,C01:SEOBNRv4PHM,control,6391,-2.150000000010782,0.7662757541983037
GW191216_213338,C01:SEOBNRv4PHM,control,4385,38.89999999998469,0.8138423052971895
GW191216_213338,C01:SEOBNRv4PHM,control,6305,-2.3000000000107654,0.8603504359108742
GW191216_213338,C01:SEOBNRv4PHM,control,2391,0.299999999988948,0.8607418299382013
GW191216_213338,C01:SEOBNRv4PHM,control,5385,-1.5500000000108483,0.9191960183122114
GW191216_213338,C01:SEOBNRv4PHM,control,3186,1.5499999999888103,0.7979636992239386
GW191216_213338,C01:SEOBNRv4PHM,control,1268,35.699999999985046,0.7861467094301277
GW191216_213338,C01:SEOBNRv4PHM,control,2769,-2.250000000010771,0.8316936607861999
GW191216_213338,C01:SEOBNRv4PHM,control,6114,36.34999999998498,0.8375988504670403
GW191216_213338,C01:SEOBNRv4PHM,control,2526,9.549999999987929,1.0249592324058403
GW191216_213338,C01:SEOBNRv4PHM,control,6015,1.7999999999887828,0.9517074903598851
GW191216_213338,C01:SEOBNRv4PHM,control,6749,-0.5500000000109584,0.8235460366735474
GW191216_213338,C01:SEOBNRv4PHM,control,2699,6.049999999988315,0.8914680598486405
GW191216_213338,C01:SEOBNRv4PHM,control,3032,-2.850000000010705,0.8240667702234752
GW191216_213338,C01:SEOBNRv4PHM,control,1703,-1.3000000000108758,0.8906700635286404
GW191216_213338,C01:SEOBNRv4PHM,control,6510,-1.7000000000108317,0.9086191589705115
GW191216_213338,C01:SEOBNRv4PHM,control,1165,-0.8000000000109309,0.8905968247118312
GW191216_213338,C01:SEOBNRv4PHM,control,1443,-2.3000000000107654,0.9367214299722603
GW191216_213338,C01:SEOBNRv4PHM,control,3836,-1.6000000000108427,0.8093529573438207
GW191216_213338,C01:SEOBNRv4PHM,control,1583,2.399999999988717,0.8244982831203034
GW191216_213338,C01:SEOBNRv4PHM,control,6198,-1.2500000000108813,0.9558038447407123
GW191216_213338,C01:SEOBNRv4PHM,control,2428,-2.750000000010716,0.9299674002407723
GW191216_213338,C01:SEOBNRv4PHM,control,5559,-2.2000000000107764,0.8060891270800454
GW191216_213338,C01:SEOBNRv4PHM,control,6408,-0.25000000001099143,0.8816869009939043
GW191216_213338,C01:SEOBNRv4PHM,control,3632,0.7499999999888984,0.9083444443003279
GW191216_213338,C01:SEOBNRv4PHM,control,1361,-2.6000000000107324,0.9722492227160592
GW191216_213338,C01:SEOBNRv4PHM,control,6151,4.949999999988436,0.9194423878723381
GW191216_213338,C01:SEOBNRv4PHM,control,5698,-2.1000000000107875,0.9333470811322467
GW191216_213338,C01:SEOBNRv4PHM,control,3731,-1.9500000000108042,1.045101012611903
GW191216_213338,C01:SEOBNRv4PHM,control,6357,-1.8500000000108152,0.8525610043682214
GW191216_213338,C01:SEOBNRv4PHM,control,3503,-2.650000000010727,0.8125662029440169
GW191216_213338,C01:SEOBNRv4PHM,control,691,38.799999999984706,0.9081591200235841
GW191216_213338,C01:SEOBNRv4PHM,control,3483,-3.0000000000106883,0.8288328843676726
GW191216_213338,C01:SEOBNRv4PHM,control,4148,-2.650000000010727,0.965618324062533
GW191216_213338,C01:SEOBNRv4PHM,control,1589,39.04999999998468,0.8710585090037803
GW191216_213338,C01:SEOBNRv4PHM,control,5654,38.14999999998478,0.721467701156669
GW191216_213338,C01:SEOBNRv4PHM,control,5661,-2.650000000010727,0.966982222258034
GW191216_213338,C01:SEOBNRv4PHM,control,3643,1.1999999999888489,0.9162565048732215
GW191216_213338,C01:SEOBNRv4PHM,control,3532,-3.050000000010683,0.9124841884130683
GW191216_213338,C01:SEOBNRv4PHM,control,6344,3.8499999999885572,0.8304628962734772
GW191216_213338,C01:SEOBNRv4PHM,control,6430,0.599999999988915,0.863285126615482
GW191216_213338,C01:SEOBNRv4PHM,control,4107,-1.1000000000108978,0.8940742250367194
GW191216_213338,C01:SEOBNRv4PHM,control,5184,-2.5000000000107434,0.9127450168994067
GW191216_213338,C01:SEOBNRv4PHM,control,3298,-2.9000000000106994,0.7518276512933527
GW191216_213338,C01:SEOBNRv4PHM,control,4821,35.949999999985025,0.8938325833033575
GW191216_213338,C01:SEOBNRv4PHM,control,1972,-2.950000000010694,0.8260497971938813
GW191216_213338,C01:SEOBNRv4PHM,control,2916,11.149999999987752,0.9597915119401413
GW191216_213338,C01:SEOBNRv4PHM,control,3196,4.449999999988491,0.8257595013094623
GW191216_213338,C01:SEOBNRv4PHM,control,2744,-1.7000000000108317,0.8748653744523551
GW191216_213338,C01:SEOBNRv4PHM,control,1234,8.049999999988094,0.8416006919307211
GW191216_213338,C01:SEOBNRv4PHM,control,4375,38.69999999998472,0.8890029604050683
GW191216_213338,C01:SEOBNRv4PHM,control,2894,1.3499999999888324,0.978419113667285
GW191216_213338,C01:SEOBNRv4PHM,control,5821,0.6999999999889039,0.8424076489538627
GW191216_213338,C01:SEOBNRv4PHM,control,3354,-1.9000000000108097,0.8804562482658912
GW191216_213338,C01:SEOBNRv4PHM,control,4358,-2.5000000000107434,0.8092389878813984
GW191216_213338,C01:SEOBNRv4PHM,control,3607,0.9499999999888764,0.9282751815806859
GW191216_213338,C01:SEOBNRv4PHM,control,4215,38.49999999998474,0.7980783457396581
GW191216_213338,C01:SEOBNRv4PHM,control,4192,-1.5500000000108483,0.8272878679074571
GW191216_213338,C01:SEOBNRv4PHM,control,1424,6.949999999988216,0.8410456255495812
GW191216_213338,C01:SEOBNRv4PHM,control,2118,-0.9500000000109143,0.8864650134354127
GW191216_213338,C01:SEOBNRv4PHM,control,3683,-2.0000000000107985,0.8717282512602677
GW191216_213338,C01:SEOBNRv4PHM,control,3773,-1.1500000000108923,0.7970011346730956
GW191216_213338,C01:SEOBNRv4PHM,control,5706,1.9499999999887663,0.8477567170994421
GW191216_213338,C01:SEOBNRv4PHM,control,1121,0.299999999988948,0.7379674106451197
GW191216_213338,C01:SEOBNRv4PHM,control,4976,32.94999999998535,0.8050095433863605
GW191216_213338,C01:SEOBNRv4PHM,control,2868,6.599999999988254,0.8534934065952362
GW191216_213338,C01:SEOBNRv4PHM,control,4406,9.399999999987946,0.863829027084269
GW191216_213338,C01:SEOBNRv4PHM,control,2301,-0.3000000000109859,0.9212222617958423
GW191216_213338,C01:SEOBNRv4PHM,control,5476,-3.150000000010672,0.7138156744450186
GW191216_213338,C01:SEOBNRv4PHM,control,649,3.0499999999886453,0.9327566962756486
GW191216_213338,C01:SEOBNRv4PHM,control,3600,-2.750000000010716,0.8674828997581207
GW191216_213338,C01:SEOBNRv4PHM,control,6045,1.3999999999888268,0.8521294017197517
GW191216_213338,C01:SEOBNRv4PHM,control,4282,10.99999999998777,0.7494463388403935
GW191216_213338,C01:SEOBNRv4PHM,control,3197,-1.9000000000108097,0.9262382030519
GW191216_213338,C01:SEOBNRv4PHM,control,864,0.7499999999888984,0.9427611500183894
GW191216_213338,C01:SEOBNRv4PHM,control,4650,8.849999999988006,0.9082889857382239
GW191216_213338,C01:SEOBNRv4PHM,control,5249,6.699999999988243,0.8948717283871944
GW191216_213338,C01:SEOBNRv4PHM,control,3042,-0.25000000001099143,0.9247909654525654
GW191216_213338,C01:SEOBNRv4PHM,control,5700,-2.7000000000107214,0.9212912457801241
GW191216_213338,C01:SEOBNRv4PHM,control,3870,0.299999999988948,0.9834493707082033
GW191216_213338,C01:SEOBNRv4PHM,control,4329,-1.6000000000108427,0.8831063602056369
GW191216_213338,C01:SEOBNRv4PHM,control,4074,12.099999999987649,0.8079051012448866
GW191216_213338,C01:SEOBNRv4PHM,control,722,-2.2000000000107764,0.9162249353171357
GW200112_155838,C01:SEOBNRv4PHM,control,1461,35.399999999985084,0.8128873239019895
GW200112_155838,C01:SEOBNRv4PHM,control,1272,40.39999999998453,0.797634359502143
GW200112_155838,C01:SEOBNRv4PHM,control,2066,-0.8500000000109253,0.9650807822748907
GW200112_155838,C01:SEOBNRv4PHM,control,434,39.7499999999846,0.9946880547103496
GW200112_155838,C01:SEOBNRv4PHM,control,1969,40.04999999998457,0.5785448486102852
GW200112_155838,C01:SEOBNRv4PHM,control,2092,34.04999999998523,0.9084281201583587
GW200112_155838,C01:SEOBNRv4PHM,control,2067,34.59999999998517,0.8778176226244137
GW200112_155838,C01:SEOBNRv4PHM,control,1916,36.549999999984955,0.9594698899037558
GW200112_155838,C01:SEOBNRv4PHM,control,1690,39.59999999998462,0.9969725249785623
GW200112_155838,C01:SEOBNRv4PHM,control,213,38.64999999998472,0.8169428953678515
GW200112_155838,C01:SEOBNRv4PHM,control,602,9.099999999987979,0.965285210593073
GW200112_155838,C01:SEOBNRv4PHM,control,1361,32.79999999998537,0.9334591548898129
GW200112_155838,C01:SEOBNRv4PHM,control,940,38.8499999999847,0.9831753330732793
GW200112_155838,C01:SEOBNRv4PHM,control,1409,1.4499999999888213,0.9164886437714881
GW200112_155838,C01:SEOBNRv4PHM,control,1679,34.899999999985134,0.854672275416738
GW200112_155838,C01:SEOBNRv4PHM,control,2439,35.79999999998504,0.9100171555494605
GW200112_155838,C01:SEOBNRv4PHM,control,506,38.99999999998469,0.8164335585843892
GW200112_155838,C01:SEOBNRv4PHM,control,1449,3.6999999999885738,1.0036408819199887
GW200112_155838,C01:SEOBNRv4PHM,control,1543,38.14999999998478,0.8298498697909507
GW200112_155838,C01:SEOBNRv4PHM,control,1413,-0.4500000000109694,1.0395557503507538
GW200112_155838,C01:SEOBNRv4PHM,control,264,39.89999999998459,0.8197004095373466
GW200112_155838,C01:SEOBNRv4PHM,control,2039,40.84999999998448,0.9145228717078278
GW200112_155838,C01:SEOBNRv4PHM,control,833,40.6499999999845,0.8830649242082147
GW200112_155838,C01:SEOBNRv4PHM,control,2499,36.94999999998491,0.9493310499232419
GW200112_155838,C01:SEOBNRv4PHM,control,882,41.49999999998441,0.8138499017482215
GW200112_155838,C01:SEOBNRv4PHM,control,2292,-0.05000000001101346,0.6445317885214211
GW200112_155838,C01:SEOBNRv4PHM,control,1380,38.89999999998469,0.9410370077102456
GW200112_155838,C01:SEOBNRv4PHM,control,2521,-1.7500000000108262,0.804665615443753
GW200112_155838,C01:SEOBNRv4PHM,control,1302,39.649999999984615,0.8816673120596648
GW200112_155838,C01:SEOBNRv4PHM,control,2139,37.84999999998481,0.6831594024345446
GW200112_155838,C01:SEOBNRv4PHM,control,1858,35.2499999999851,0.9008706158953541
GW200112_155838,C01:SEOBNRv4PHM,control,1763,39.699999999984605,0.8840334619230189
GW200112_155838,C01:SEOBNRv4PHM,control,2144,7.899999999988111,0.8019549332643863
GW200112_155838,C01:SEOBNRv4PHM,control,1713,39.449999999984634,0.8170827434129329
GW200112_155838,C01:SEOBNRv4PHM,control,252,37.89999999998481,0.8238918418083941
GW200112_155838,C01:SEOBNRv4PHM,control,2377,4.349999999988502,0.9845452177382372
GW200112_155838,C01:SEOBNRv4PHM,control,1832,39.699999999984605,0.7822047034449223
GW200112_155838,C01:SEOBNRv4PHM,control,716,0.2499999999889535,0.8525356786775918
GW200112_155838,C01:SEOBNRv4PHM,control,2573,39.699999999984605,0.9027623429601884
GW200112_155838,C01:SEOBNRv4PHM,control,2330,39.89999999998459,0.8509558519836601
GW200112_155838,C01:SEOBNRv4PHM,control,1897,-1.3500000000108703,0.9404689379976724
GW200112_155838,C01:SEOBNRv4PHM,control,1121,6.449999999988271,0.8797302460918353
GW200112_155838,C01:SEOBNRv4PHM,control,22,39.54999999998463,0.7660368413048593
GW200112_155838,C01:SEOBNRv4PHM,control,534,35.999999999985015,0.921935322473501
GW200112_155838,C01:SEOBNRv4PHM,control,1308,39.49999999998463,0.8201373071778412
GW200112_155838,C01:SEOBNRv4PHM,control,2217,-0.7000000000109419,0.8864013142486057
GW200112_155838,C01:SEOBNRv4PHM,control,1340,38.64999999998472,0.8068398666979153
GW200112_155838,C01:SEOBNRv4PHM,control,1636,37.84999999998481,0.8486670562918663
GW200112_155838,C01:SEOBNRv4PHM,control,271,37.699999999984826,0.9750878527324719
GW200112_155838,C01:SEOBNRv4PHM,control,44,41.099999999984455,0.7838056663107206
GW200112_155838,C01:SEOBNRv4PHM,control,628,38.59999999998473,0.8273109259315627
GW200112_155838,C01:SEOBNRv4PHM,control,1009,36.04999999998501,0.8477944690325472
GW200112_155838,C01:SEOBNRv4PHM,control,1410,39.89999999998459,0.9875749488765149
GW200112_155838,C01:SEOBNRv4PHM,control,2296,39.699999999984605,0.7973469267663142
GW200112_155838,C01:SEOBNRv4PHM,control,1133,37.0499999999849,1.0179669638014415
GW200112_155838,C01:SEOBNRv4PHM,control,1323,2.199999999988739,0.7612280628184919
GW200112_155838,C01:SEOBNRv4PHM,control,1856,38.44999999998475,0.7886908320415975
GW200112_155838,C01:SEOBNRv4PHM,control,1211,37.949999999984804,0.95130530529503
GW200112_155838,C01:SEOBNRv4PHM,control,1578,31.94999999998546,0.9787439839273613
GW200112_155838,C01:SEOBNRv4PHM,control,894,38.89999999998469,0.9308508639484943
GW200112_155838,C01:SEOBNRv4PHM,control,1268,36.249999999984986,0.9607300186760334
GW200112_155838,C01:SEOBNRv4PHM,control,2432,32.99999999998535,0.7999020083653169
GW200112_155838,C01:SEOBNRv4PHM,control,662,38.34999999998476,0.774056595138008
GW200112_155838,C01:SEOBNRv4PHM,control,361,33.89999999998525,1.0262498742399817
GW200112_155838,C01:SEOBNRv4PHM,control,1861,39.59999999998462,0.8846636051193321
GW200112_155838,C01:SEOBNRv4PHM,control,965,37.49999999998485,0.9219712702740915
GW200112_155838,C01:SEOBNRv4PHM,control,2535,38.39999999998475,0.8830152084743872
GW200112_155838,C01:SEOBNRv4PHM,control,1530,36.29999999998498,0.9316504997509113
GW200112_155838,C01:SEOBNRv4PHM,control,1640,40.49999999998452,0.8850698232055502
GW200112_155838,C01:SEOBNRv4PHM,control,1618,33.79999999998526,0.7997581772449609
GW200112_155838,C01:SEOBNRv4PHM,control,1476,35.79999999998504,0.8555853553595476
GW200112_155838,C01:SEOBNRv4PHM,control,629,37.999999999984794,0.9021801631720979
GW200112_155838,C01:SEOBNRv4PHM,control,545,40.34999999998454,0.9196105605442777
GW200112_155838,C01:SEOBNRv4PHM,control,1021,31.099999999985556,0.9609227347550067
GW200112_155838,C01:SEOBNRv4PHM,control,821,40.29999999998454,0.9031239315504758
GW200112_155838,C01:SEOBNRv4PHM,control,2165,38.799999999984706,0.8480917530955218
GW200112_155838,C01:SEOBNRv4PHM,control,1854,3.1499999999886343,0.9896805061607352
GW200112_155838,C01:SEOBNRv4PHM,control,1280,35.29999999998509,0.866099591117489
GW200112_155838,C01:SEOBNRv4PHM,control,742,35.34999999998509,0.8398464545793765
GW200112_155838,C01:SEOBNRv4PHM,control,2209,38.14999999998478,0.9442191377141921
GW200112_155838,C01:SEOBNRv4PHM,control,76,39.649999999984615,0.8837522132778294
GW200112_155838,C01:SEOBNRv4PHM,control,633,7.249999999988183,0.9138441184691919
GW200112_155838,C01:SEOBNRv4PHM,control,1589,40.39999999998453,0.8841292996103771
GW200112_155838,C01:SEOBNRv4PHM,control,765,10.849999999987785,0.9728379105967242
GW200112_155838,C01:SEOBNRv4PHM,control,1955,4.749999999988458,0.9101350580916773
GW200112_155838,C01:SEOBNRv4PHM,control,278,38.99999999998469,0.8001782077088913
GW200112_155838,C01:SEOBNRv4PHM,control,1076,35.59999999998506,0.7988725875413811
GW200112_155838,C01:SEOBNRv4PHM,control,893,36.69999999998494,1.0774487997003885
GW200112_155838,C01:SEOBNRv4PHM,control,767,30.59999999998561,0.9075985329033166
GW200112_155838,C01:SEOBNRv4PHM,control,1216,36.29999999998498,0.8541183167856875
GW200112_155838,C01:SEOBNRv4PHM,control,557,0.9499999999888764,0.8106634846546015
GW200112_155838,C01:SEOBNRv4PHM,control,1948,39.29999999998465,0.945750229690445
GW200112_155838,C01:SEOBNRv4PHM,control,1277,37.399999999984864,0.7776469155104191
GW200112_155838,C01:SEOBNRv4PHM,control,762,-0.9500000000109143,1.0357695584083115
GW200112_155838,C01:SEOBNRv4PHM,control,1138,32.549999999985396,0.887293318243955
GW200112_155838,C01:SEOBNRv4PHM,control,830,38.799999999984706,0.9392022827747323
GW200112_155838,C01:SEOBNRv4PHM,control,2143,37.699999999984826,0.9530091422463742
GW200112_155838,C01:SEOBNRv4PHM,control,1720,37.79999999998482,0.966167902815545
GW200112_155838,C01:SEOBNRv4PHM,control,2572,32.99999999998535,0.9632737819780786
GW200112_155838,C01:SEOBNRv4PHM,control,868,39.49999999998463,0.8644907380802043
GW200112_155838,C01:SEOBNRv4PHM,control,2475,40.04999999998457,0.8479015122193809
GW200112_155838,C01:SEOBNRv4PHM,control,355,41.39999999998442,0.8512147758257562
GW200112_155838,C01:SEOBNRv4PHM,control,1733,37.84999999998481,0.9468881239623058
GW200112_155838,C01:SEOBNRv4PHM,control,2222,40.09999999998456,0.7001768351428889
GW200112_155838,C01:SEOBNRv4PHM,control,2251,36.49999999998496,0.711189952369219
GW200112_155838,C01:SEOBNRv4PHM,control,2378,39.7999999999846,0.8925922182620545
GW200112_155838,C01:SEOBNRv4PHM,control,1158,38.99999999998469,0.905340326686176
GW200112_155838,C01:SEOBNRv4PHM,control,2514,-1.2500000000108813,0.9179487314923401
GW200112_155838,C01:SEOBNRv4PHM,control,383,6.299999999988287,0.8263946024389107
GW200112_155838,C01:SEOBNRv4PHM,control,1058,9.649999999987918,0.7755967541321174
GW200112_155838,C01:SEOBNRv4PHM,control,1230,36.099999999985,0.878599363610008
GW200112_155838,C01:SEOBNRv4PHM,control,866,34.79999999998515,0.841867106749733
GW200112_155838,C01:SEOBNRv4PHM,control,2280,38.89999999998469,0.8091820353945581
GW200112_155838,C01:SEOBNRv4PHM,control,2487,37.79999999998482,1.0482580585837773
GW200112_155838,C01:SEOBNRv4PHM,control,621,37.14999999998489,0.7819305650493975
GW200112_155838,C01:SEOBNRv4PHM,control,530,3.4499999999886013,0.8357600952801973
GW200112_155838,C01:SEOBNRv4PHM,control,2574,39.19999999998466,0.9306413779475323
GW200112_155838,C01:SEOBNRv4PHM,control,2004,34.44999999998519,0.8523998596565487
GW200112_155838,C01:SEOBNRv4PHM,control,1156,37.949999999984804,0.8861337484244757
GW200112_155838,C01:SEOBNRv4PHM,control,1259,39.399999999984644,0.9400396799292804
GW200112_155838,C01:SEOBNRv4PHM,control,648,5.049999999988425,0.9145857185204402
GW200112_155838,C01:SEOBNRv4PHM,control,2450,33.949999999985245,0.9331089027580538
GW200112_155838,C01:SEOBNRv4PHM,control,395,11.799999999987682,0.9442926326066511
GW200112_155838,C01:SEOBNRv4PHM,control,671,41.29999999998443,0.8469727279896554
GW200112_155838,C01:SEOBNRv4PHM,control,544,33.74999999998526,0.9644765219639051
GW200112_155838,C01:SEOBNRv4PHM,control,311,41.349999999984426,0.8370821439261106
GW200112_155838,C01:SEOBNRv4PHM,control,1311,-0.5500000000109584,0.9639924915127089
GW200112_155838,C01:SEOBNRv4PHM,control,1866,39.999999999984574,0.8134648481516417
GW200112_155838,C01:SEOBNRv4PHM,control,2258,35.79999999998504,0.8118476185913112
GW200112_155838,C01:SEOBNRv4PHM,control,1291,40.49999999998452,0.743403009910841
GW200112_155838,C01:SEOBNRv4PHM,control,1857,38.49999999998474,0.808185429331178
GW200112_155838,C01:SEOBNRv4PHM,control,1535,-0.4000000000109749,0.8437003015701784
GW200112_155838,C01:SEOBNRv4PHM,control,1427,40.199999999984556,0.8927708697810363
GW200112_155838,C01:SEOBNRv4PHM,control,1161,37.0499999999849,0.9560613283391732
GW200112_155838,C01:SEOBNRv4PHM,control,1737,35.1999999999851,0.8579493558459598
GW200112_155838,C01:SEOBNRv4PHM,control,505,-0.4000000000109749,0.6349158799359972
GW200112_155838,C01:SEOBNRv4PHM,control,2120,1.7499999999887883,1.0065105154327145
GW200112_155838,C01:SEOBNRv4PHM,control,693,4.399999999988497,0.8232961891601304
GW200112_155838,C01:SEOBNRv4PHM,control,1579,40.09999999998456,0.8734672848218881
GW200112_155838,C01:SEOBNRv4PHM,control,1419,32.09999999998544,0.8755250766564983
GW200112_155838,C01:SEOBNRv4PHM,control,979,37.74999999998482,0.7953966520128356
GW200112_155838,C01:SEOBNRv4PHM,control,1805,34.899999999985134,0.9144172632512043
GW200112_155838,C01:SEOBNRv4PHM,control,2087,39.29999999998465,0.892635549346381
GW200112_155838,C01:SEOBNRv4PHM,control,1583,38.64999999998472,0.8547881218248642
GW200112_155838,C01:SEOBNRv4PHM,control,335,0.399999999988937,0.6838655629842544
GW200112_155838,C01:SEOBNRv4PHM,control,921,40.749999999984496,0.8032276689705272
GW200112_155838,C01:SEOBNRv4PHM,control,586,6.949999999988216,0.9164871081172475
GW200112_155838,C01:SEOBNRv4PHM,control,556,0.8999999999888819,0.9242049885585785
GW200112_155838,C01:SEOBNRv4PHM,control,706,40.34999999998454,0.9284136608583123
GW200112_155838,C01:SEOBNRv4PHM,control,819,32.79999999998537,0.9055073500525234
GW200112_155838,C01:SEOBNRv4PHM,control,1581,38.199999999984776,0.8489807116529318
GW200112_155838,C01:SEOBNRv4PHM,control,400,38.99999999998469,0.7491856037160342
GW200112_155838,C01:SEOBNRv4PHM,control,862,38.8499999999847,0.8361644196695472
GW200112_155838,C01:SEOBNRv4PHM,control,305,40.89999999998447,0.9034902287949811
GW200112_155838,C01:SEOBNRv4PHM,control,2068,36.39999999998497,0.8836890901829988
GW200112_155838,C01:SEOBNRv4PHM,control,123,37.949999999984804,0.6758978853677842
GW200112_155838,C01:SEOBNRv4PHM,control,68,32.39999999998541,0.7960314411043644
GW200112_155838,C01:SEOBNRv4PHM,control,239,-1.0000000000109088,0.795982394184684
GW200112_155838,C01:SEOBNRv4PHM,control,369,40.09999999998456,0.9351606229463553
GW200112_155838,C01:SEOBNRv4PHM,control,205,38.69999999998472,0.9639588938108996
GW200112_155838,C01:SEOBNRv4PHM,control,432,40.99999999998447,0.8779883068725214
GW200112_155838,C01:SEOBNRv4PHM,control,2236,39.399999999984644,0.9699383177913821
GW200112_155838,C01:SEOBNRv4PHM,control,1568,35.449999999985074,0.8626715804388253
GW200112_155838,C01:SEOBNRv4PHM,control,2155,39.449999999984634,1.019572873004923
GW200112_155838,C01:SEOBNRv4PHM,control,1186,40.14999999998456,0.8602830007863377
GW200112_155838,C01:SEOBNRv4PHM,control,652,40.14999999998456,0.8516142356638116
GW200112_155838,C01:SEOBNRv4PHM,control,1454,30.549999999985616,0.9419446365844943
GW200112_155838,C01:SEOBNRv4PHM,control,1614,6.749999999988238,0.8462432510605511
GW200112_155838,C01:SEOBNRv4PHM,control,145,39.649999999984615,0.934676351337362
GW200112_155838,C01:SEOBNRv4PHM,control,1873,1.0499999999888654,0.847568074962816
GW200112_155838,C01:SEOBNRv4PHM,control,47,37.399999999984864,0.9341316703974403
GW200112_155838,C01:SEOBNRv4PHM,control,983,40.29999999998454,0.7146537250946364
GW200112_155838,C01:SEOBNRv4PHM,control,1090,33.949999999985245,0.8222337881348617
GW200112_155838,C01:SEOBNRv4PHM,control,477,-0.20000000001099694,0.9378132564261378
GW200112_155838,C01:SEOBNRv4PHM,control,316,36.49999999998496,0.8564161138180882
GW200112_155838,C01:SEOBNRv4PHM,control,892,33.949999999985245,0.8052845661812126
GW200112_155838,C01:SEOBNRv4PHM,control,1432,36.149999999985,0.583593995705122
GW200112_155838,C01:SEOBNRv4PHM,control,24,39.649999999984615,0.9530512314439966
GW200112_155838,C01:SEOBNRv4PHM,control,1557,6.049999999988315,0.8800237254039618
GW200112_155838,C01:SEOBNRv4PHM,control,1970,37.949999999984804,1.051447182020723
GW200112_155838,C01:SEOBNRv4PHM,control,147,38.89999999998469,0.8752515090765378
GW200112_155838,C01:SEOBNRv4PHM,control,25,35.999999999985015,0.9804752303512712
GW200112_155838,C01:SEOBNRv4PHM,control,1066,40.34999999998454,0.811158830911615
GW200112_155838,C01:SEOBNRv4PHM,control,1780,40.39999999998453,0.8248508555449164
GW200112_155838,C01:SEOBNRv4PHM,control,804,38.69999999998472,0.7096323583177194
GW200112_155838,C01:SEOBNRv4PHM,control,382,39.399999999984644,0.8549252488838084
GW200112_155838,C01:SEOBNRv4PHM,control,359,9.399999999987946,0.8944400683398617
GW200112_155838,C01:SEOBNRv4PHM,control,151,39.999999999984574,0.8684674611304541
GW200112_155838,C01:SEOBNRv4PHM,control,1176,-0.9500000000109143,0.943071434863493
GW200112_155838,C01:SEOBNRv4PHM,control,1177,39.84999999998459,0.8727268898080046
GW200112_155838,C01:SEOBNRv4PHM,control,1802,-0.6500000000109474,1.0508381939260787
GW200112_155838,C01:SEOBNRv4PHM,control,1099,38.09999999998478,0.7984299064483853
GW200112_155838,C01:SEOBNRv4PHM,control,798,38.549999999984735,0.9235328970086519
GW200112_155838,C01:SEOBNRv4PHM,control,334,1.7499999999887883,1.2235163827650488
GW200112_155838,C01:SEOBNRv4PHM,control,194,36.199999999984996,0.9407994156195114
GW200112_155838,C01:SEOBNRv4PHM,control,796,1.5999999999888048,0.8532009470573294
GW200112_155838,C01:SEOBNRv4PHM,control,2125,6.249999999988293,0.9501114839164294
GW200112_155838,C01:SEOBNRv4PHM,control,1328,9.299999999987957,0.9226010910020017
GW200112_155838,C01:SEOBNRv4PHM,control,1749,4.799999999988453,0.9068823571483295
GW200112_155838,C01:SEOBNRv4PHM,control,1586,40.199999999984556,0.724082980538749
GW190519_153544,C01:SEOBNRv4PHM,control,4332,1.9999999999887608,0.8288151013228838
GW190519_153544,C01:SEOBNRv4PHM,control,2774,-2.4000000000107544,0.9364112071123143
GW190519_153544,C01:SEOBNRv4PHM,control,1202,36.34999999998498,0.7643143696791411
GW190519_153544,C01:SEOBNRv4PHM,control,3526,-4.000000000010578,0.5949905555161602
GW190519_153544,C01:SEOBNRv4PHM,control,3746,-1.3500000000108703,0.8137591528029685
GW190519_153544,C01:SEOBNRv4PHM,control,17,0.14999999998896452,0.892229209813993
GW190519_153544,C01:SEOBNRv4PHM,control,4438,37.24999999998488,0.7430267260031999
GW190519_153544,C01:SEOBNRv4PHM,control,4730,-1.4500000000108593,0.7930417250721005
GW190519_153544,C01:SEOBNRv4PHM,control,1068,-2.35000000001076,0.8398876309056654
GW190519_153544,C01:SEOBNRv4PHM,control,4829,36.44999999998497,0.88565029972606
GW190519_153544,C01:SEOBNRv4PHM,control,3281,-0.9000000000109198,0.7992221667484602
GW190519_153544,C01:SEOBNRv4PHM,control,5545,-1.0500000000109033,0.8857993599410111
GW190519_153544,C01:SEOBNRv4PHM,control,4116,1.6999999999887938,1.0633506987955414
GW190519_153544,C01:SEOBNRv4PHM,control,3590,37.54999999998485,1.1196461122421189
GW190519_153544,C01:SEOBNRv4PHM,control,2282,-3.9500000000105837,0.8214846085569623
GW190519_153544,C01:SEOBNRv4PHM,control,5552,0.09999999998897002,1.1727710492407615
GW190519_153544,C01:SEOBNRv4PHM,control,895,-0.4500000000109694,0.6795328256759384
GW190519_153544,C01:SEOBNRv4PHM,control,14,38.8499999999847,0.8975777223874949
GW190519_153544,C01:SEOBNRv4PHM,control,5723,-0.9000000000109198,0.8530417440389121
GW190519_153544,C01:SEOBNRv4PHM,control,1080,1.9999999999887608,0.9014421381496396
GW190519_153544,C01:SEOBNRv4PHM,control,1138,-1.2500000000108813,1.2364496288866171
GW190519_153544,C01:SEOBNRv4PHM,control,5063,-0.20000000001099694,1.237851766255191
GW190519_153544,C01:SEOBNRv4PHM,control,589,1.2499999999888434,0.9021457271049559
GW190519_153544,C01:SEOBNRv4PHM,control,4187,42.59999999998429,1.1632489540321018
GW190519_153544,C01:SEOBNRv4PHM,control,5860,0.09999999998897002,0.908569513326322
GW190519_153544,C01:SEOBNRv4PHM,control,4081,36.94999999998491,0.9212164592537031
GW190519_153544,C01:SEOBNRv4PHM,control,379,40.99999999998447,0.8473697808822575
GW190519_153544,C01:SEOBNRv4PHM,control,2012,0.6499999999889094,0.8571424266120197
GW190519_153544,C01:SEOBNRv4PHM,control,1706,-1.2500000000108813,0.7810846240410977
GW190519_153544,C01:SEOBNRv4PHM,control,1864,-2.35000000001076,0.837694148658185
GW190519_153544,C01:SEOBNRv4PHM,control,448,-1.0500000000109033,0.6634983641226401
GW190519_153544,C01:SEOBNRv4PHM,control,2432,33.54999999998529,0.7233585346615676
GW190519_153544,C01:SEOBNRv4PHM,control,1703,35.999999999985015,0.7155984595061236
GW190519_153544,C01:SEOBNRv4PHM,control,1002,34.64999999998516,0.6509317523919981
GW190519_153544,C01:SEOBNRv4PHM,control,2109,-3.900000000010589,0.922413117437572
GW190519_153544,C01:SEOBNRv4PHM,control,1563,36.64999999998494,0.7649958402391343
GW190519_153544,C01:SEOBNRv4PHM,control,5113,0.6499999999889094,0.9318670271466976
GW190519_153544,C01:SEOBNRv4PHM,control,3177,38.14999999998478,0.8670513046113089
GW190519_153544,C01:SEOBNRv4PHM,control,3320,38.34999999998476,0.9940127267847367
GW190519_153544,C01:SEOBNRv4PHM,control,1036,-1.4500000000108593,0.8335293156299113
GW190519_153544,C01:SEOBNRv4PHM,control,396,-0.20000000001099694,0.7990052825583485
GW190519_153544,C01:SEOBNRv4PHM,control,2118,-1.9500000000108042,0.817779226747538
GW190519_153544,C01:SEOBNRv4PHM,control,3273,39.89999999998459,1.1727146088501683
GW190519_153544,C01:SEOBNRv4PHM,control,4240,38.69999999998472,0.789322528497417
GW190519_153544,C01:SEOBNRv4PHM,control,4680,0.5499999999889205,0.46551966355986457
GW190519_153544,C01:SEOBNRv4PHM,control,3710,-3.9500000000105837,0.8069781733698974
GW190519_153544,C01:SEOBNRv4PHM,control,6131,-0.4500000000109694,1.0742734796923108
GW190519_153544,C01:SEOBNRv4PHM,control,585,0.199999999988959,0.8617281279452799
GW190519_153544,C01:SEOBNRv4PHM,control,778,39.49999999998463,0.9791222149099438
GW190519_153544,C01:SEOBNRv4PHM,control,1112,-0.7000000000109419,0.8524512751386012
GW190519_153544,C01:SEOBNRv4PHM,control,3009,-1.1500000000108923,0.8115444063085769
GW190519_153544,C01:SEOBNRv4PHM,control,3587,-3.1000000000106773,1.5190362561317616
GW190519_153544,C01:SEOBNRv4PHM,control,4285,38.44999999998475,0.6798509976583166
GW190519_153544,C01:SEOBNRv4PHM,control,5826,-0.4000000000109749,0.9092081298508111
GW190519_153544,C01:SEOBNRv4PHM,control,6015,-1.4500000000108593,1.0797731731632159
GW190519_153544,C01:SEOBNRv4PHM,control,2694,-1.6000000000108427,0.892150336637361
GW190519_153544,C01:SEOBNRv4PHM,control,596,-2.850000000010705,0.8829571561639181
GW190519_153544,C01:SEOBNRv4PHM,control,2456,-1.0500000000109033,0.7535715332336691
GW190519_153544,C01:SEOBNRv4PHM,control,784,1.4499999999888213,0.9552467322154902
GW190519_153544,C01:SEOBNRv4PHM,control,4981,39.34999999998465,1.026109338355456
GW190519_153544,C01:SEOBNRv4PHM,control,54,1.3999999999888268,0.7927535188017487
GW190519_153544,C01:SEOBNRv4PHM,control,3042,37.699999999984826,0.7682067897891204
GW190519_153544,C01:SEOBNRv4PHM,control,3955,37.34999999998487,0.8782644060219175
GW190519_153544,C01:SEOBNRv4PHM,control,2389,-3.900000000010589,1.0132772895413702
GW190519_153544,C01:SEOBNRv4PHM,control,1652,-1.4500000000108593,0.8849239744157019
GW190519_153544,C01:SEOBNRv4PHM,control,5371,39.099999999984675,0.8890449804157657
GW190519_153544,C01:SEOBNRv4PHM,control,3597,-4.150000000010562,0.9421336172288227
GW190519_153544,C01:SEOBNRv4PHM,control,2480,32.94999999998535,0.8222723045836052
GW190519_153544,C01:SEOBNRv4PHM,control,898,37.49999999998485,0.7399083068804255
GW190519_153544,C01:SEOBNRv4PHM,control,827,36.79999999998493,0.5619137176082513
GW190519_153544,C01:SEOBNRv4PHM,control,327,-0.5500000000109584,0.9140283240428632
GW190519_153544,C01:SEOBNRv4PHM,control,4029,2.599999999988695,0.9888765873933365
GW190519_153544,C01:SEOBNRv4PHM,control,5645,-0.5500000000109584,0.7923969884328605
GW190519_153544,C01:SEOBNRv4PHM,control,1088,-1.1018963519404679e-11,1.161473115688327
GW190519_153544,C01:SEOBNRv4PHM,control,252,1.9999999999887608,0.985062454485688
GW190519_153544,C01:SEOBNRv4PHM,control,45,1.3999999999888268,0.8427358248317545
GW190519_153544,C01:SEOBNRv4PHM,control,3637,-2.450000000010749,0.8128216895393497
GW190519_153544,C01:SEOBNRv4PHM,control,1732,-1.3500000000108703,0.6550431191716969
GW190519_153544,C01:SEOBNRv4PHM,control,5719,-1.3000000000108758,1.1178751704613525
GW190519_153544,C01:SEOBNRv4PHM,control,2127,-2.7000000000107214,0.868341422880941
GW190519_153544,C01:SEOBNRv4PHM,control,3783,-1.7500000000108262,0.8951411600081147
GW190519_153544,C01:SEOBNRv4PHM,control,731,-1.5000000000108538,0.7518999606429123
GW190519_153544,C01:SEOBNRv4PHM,control,805,-1.5000000000108538,1.000722549233803
GW190519_153544,C01:SEOBNRv4PHM,control,2869,36.79999999998493,0.895248131047839
GW190519_153544,C01:SEOBNRv4PHM,control,6036,39.54999999998463,0.7587960686602968
GW190519_153544,C01:SEOBNRv4PHM,control,269,-1.2000000000108868,0.9768596435480552
GW190519_153544,C01:SEOBNRv4PHM,control,776,-0.4500000000109694,1.0682679971664732
GW190519_153544,C01:SEOBNRv4PHM,control,663,0.399999999988937,0.8800711335896199
GW190519_153544,C01:SEOBNRv4PHM,control,5811,0.6999999999889039,0.8549739003181692
GW190519_153544,C01:SEOBNRv4PHM,control,3789,39.34999999998465,0.8805671090494495
GW190519_153544,C01:SEOBNRv4PHM,control,5127,-0.6000000000109529,0.7973687292296663
GW190519_153544,C01:SEOBNRv4PHM,control,6035,39.59999999998462,0.8950364225476064
GW190519_153544,C01:SEOBNRv4PHM,control,1314,1.0999999999888599,0.7629452754107556
GW190519_153544,C01:SEOBNRv4PHM,control,1620,-3.0000000000106883,0.8428925743484439
GW190519_153544,C01:SEOBNRv4PHM,control,6130,-1.4500000000108593,0.8362353090899357
GW190519_153544,C01:SEOBNRv4PHM,control,10,0.5499999999889205,1.0366497829464572
GW190519_153544,C01:SEOBNRv4PHM,control,5962,39.04999999998468,0.7907743941475236
GW190519_153544,C01:SEOBNRv4PHM,control,1119,38.749999999984716,0.8685220907756461
GW190519_153544,C01:SEOBNRv4PHM,control,4836,-0.3000000000109859,0.9050246272055031
GW190519_153544,C01:SEOBNRv4PHM,control,4910,1.1999999999888489,0.7449545489094864
GW190519_153544,C01:SEOBNRv4PHM,control,1443,37.19999999998488,0.7814588439497108
GW190519_153544,C01:SEOBNRv4PHM,control,2050,-0.15000000001100244,0.9332581632541873
GW190519_153544,C01:SEOBNRv4PHM,control,5141,0.49999999998892597,0.8088550474002955
GW190519_153544,C01:SEOBNRv4PHM,control,5625,-1.4000000000108648,1.0677901568659678
GW190519_153544,C01:SEOBNRv4PHM,control,3697,-1.8500000000108152,0.7794622221726918
GW190519_153544,C01:SEOBNRv4PHM,control,851,-1.5500000000108483,0.9141925609817881
GW190519_153544,C01:SEOBNRv4PHM,control,1533,36.549999999984955,0.9012183939412084
GW190519_153544,C01:SEOBNRv4PHM,control,925,-2.050000000010793,0.9137142384280467
GW190519_153544,C01:SEOBNRv4PHM,control,4684,-1.0000000000109088,1.0484313990225163
GW190519_153544,C01:SEOBNRv4PHM,control,5016,38.249999999984766,0.9837108470494854
GW190519_153544,C01:SEOBNRv4PHM,control,850,-1.1500000000108923,1.0872953475959493
GW190519_153544,C01:SEOBNRv4PHM,control,4352,0.599999999988915,0.8241041946920294
GW190519_153544,C01:SEOBNRv4PHM,control,6117,-0.8000000000109309,0.7871863089733784
GW190519_153544,C01:SEOBNRv4PHM,control,4579,-0.05000000001101346,0.8393937259590687
GW190519_153544,C01:SEOBNRv4PHM,control,3068,-4.850000000010485,0.9311144358207036
GW190519_153544,C01:SEOBNRv4PHM,control,2952,-3.900000000010589,0.753756016663247
GW190519_153544,C01:SEOBNRv4PHM,control,1161,-2.550000000010738,0.9356974650839026
GW190519_153544,C01:SEOBNRv4PHM,control,5479,-1.5500000000108483,0.953314448164543
GW190519_153544,C01:SEOBNRv4PHM,control,1566,-2.4000000000107544,0.9196909560008161
GW190519_153544,C01:SEOBNRv4PHM,control,63,-1.2500000000108813,0.8254011264062445
GW190519_153544,C01:SEOBNRv4PHM,control,5771,0.09999999998897002,1.1665055221472387
GW190519_153544,C01:SEOBNRv4PHM,control,2346,37.59999999998484,0.9654630353493803
GW190519_153544,C01:SEOBNRv4PHM,control,6033,0.6499999999889094,1.1090723031753977
GW190519_153544,C01:SEOBNRv4PHM,control,1201,37.49999999998485,0.7186372380037105
GW190519_153544,C01:SEOBNRv4PHM,control,5878,-1.1500000000108923,1.058914008676395
GW190519_153544,C01:SEOBNRv4PHM,control,1151,38.59999999998473,1.0185147905337861
GW190519_153544,C01:SEOBNRv4PHM,control,4759,32.69999999998538,0.5948880459138891
GW190519_153544,C01:SEOBNRv4PHM,control,4848,36.44999999998497,0.7436022515551164
GW190519_153544,C01:SEOBNRv4PHM,control,2041,-2.450000000010749,0.7904287893788233
GW190519_153544,C01:SEOBNRv4PHM,control,1691,39.59999999998462,0.9807496649650338
GW190519_153544,C01:SEOBNRv4PHM,control,2836,37.24999999998488,0.8141532937060119
GW190519_153544,C01:SEOBNRv4PHM,control,5679,0.9499999999888764,0.8431821248972843
GW190519_153544,C01:SEOBNRv4PHM,control,2195,-1.0000000000109088,1.0249473150400077
GW190519_153544,C01:SEOBNRv4PHM,control,5244,37.14999999998489,0.8704541278748612
GW190519_153544,C01:SEOBNRv4PHM,control,4252,38.04999999998479,0.6768910932749781
GW190519_153544,C01:SEOBNRv4PHM,control,2001,36.59999999998495,0.6055269529348349
GW190519_153544,C01:SEOBNRv4PHM,control,729,-0.6000000000109529,0.9466249508340784
GW190519_153544,C01:SEOBNRv4PHM,control,270,-2.3000000000107654,1.0694826911662925
GW190519_153544,C01:SEOBNRv4PHM,control,6058,-1.4500000000108593,0.8117656401153984
GW190519_153544,C01:SEOBNRv4PHM,control,1852,-2.7000000000107214,0.8648778593375138
GW190519_153544,C01:SEOBNRv4PHM,control,644,38.69999999998472,0.7247614346714959
GW190519_153544,C01:SEOBNRv4PHM,control,420,-3.7000000000106112,0.6919325651752744
GW190519_153544,C01:SEOBNRv4PHM,control,4676,1.8999999999887718,1.0005923525238567
GW190519_153544,C01:SEOBNRv4PHM,control,5177,37.14999999998489,0.7825859980835309
GW190519_153544,C01:SEOBNRv4PHM,control,5758,-1.4500000000108593,0.8032518092741602
GW190519_153544,C01:SEOBNRv4PHM,control,88,36.199999999984996,1.0486736121659699
GW190519_153544,C01:SEOBNRv4PHM,control,2229,1.9499999999887663,1.2969853612276308
GW190519_153544,C01:SEOBNRv4PHM,control,5530,-1.3000000000108758,0.9367843554274862
GW190519_153544,C01:SEOBNRv4PHM,control,2130,-2.7000000000107214,0.8565084154269618
GW190519_153544,C01:SEOBNRv4PHM,control,2996,36.249999999984986,0.8121037407569558
GW190519_153544,C01:SEOBNRv4PHM,control,1246,-2.450000000010749,1.077057648738112
GW190519_153544,C01:SEOBNRv4PHM,control,1167,-3.8500000000105947,0.6654459413208242
GW190519_153544,C01:SEOBNRv4PHM,control,5471,-0.3500000000109804,0.8424098512350807
GW190519_153544,C01:SEOBNRv4PHM,control,2923,-4.000000000010578,0.9022968022391394
GW190519_153544,C01:SEOBNRv4PHM,control,2422,-3.7500000000106057,1.0132445182228418
GW190519_153544,C01:SEOBNRv4PHM,control,5989,0.49999999998892597,0.8714221859780383
GW190519_153544,C01:SEOBNRv4PHM,control,4622,-1.3500000000108703,0.7591933559682377
GW190519_153544,C01:SEOBNRv4PHM,control,6003,-2.0000000000107985,0.7575672790153933
GW190519_153544,C01:SEOBNRv4PHM,control,1608,39.14999999998467,0.6856968777638829
GW190519_153544,C01:SEOBNRv4PHM,control,1091,37.89999999998481,0.996782877377748
GW190519_153544,C01:SEOBNRv4PHM,control,4459,39.699999999984605,0.7641844633456366
GW190519_153544,C01:SEOBNRv4PHM,control,1552,-0.20000000001099694,0.8137858937838773
GW190519_153544,C01:SEOBNRv4PHM,control,6064,36.849999999984924,0.9295155960261933
GW190519_153544,C01:SEOBNRv4PHM,control,4831,0.399999999988937,0.9624890134152029
GW190519_153544,C01:SEOBNRv4PHM,control,5375,-1.4500000000108593,0.9230069205609548
GW190519_153544,C01:SEOBNRv4PHM,control,3315,-0.15000000001100244,1.0920901712428113
GW190519_153544,C01:SEOBNRv4PHM,control,2196,0.3499999999889425,0.9563982069198603
GW190519_153544,C01:SEOBNRv4PHM,control,3083,35.14999999998511,0.8808326299718557
GW190519_153544,C01:SEOBNRv4PHM,control,603,-2.550000000010738,0.9140092307016014
GW190519_153544,C01:SEOBNRv4PHM,control,3842,0.6999999999889039,0.8390665002556796
GW190519_153544,C01:SEOBNRv4PHM,control,1176,-2.650000000010727,1.0705210962203902
GW190519_153544,C01:SEOBNRv4PHM,control,409,-1.2000000000108868,0.9007041335176833
GW190519_153544,C01:SEOBNRv4PHM,control,3181,38.799999999984706,0.891999964088941
GW190519_153544,C01:SEOBNRv4PHM,control,557,37.399999999984864,1.109449655873036
GW190519_153544,C01:SEOBNRv4PHM,control,4128,39.949999999984584,0.9349943981576823
GW190519_153544,C01:SEOBNRv4PHM,control,276,1.0999999999888599,1.050743679566581
GW190519_153544,C01:SEOBNRv4PHM,control,4439,2.09999999998875,0.7087064683100067
GW190519_153544,C01:SEOBNRv4PHM,control,426,-0.9500000000109143,0.765938072030611
GW190519_153544,C01:SEOBNRv4PHM,control,1655,-1.3000000000108758,0.8862234020010772
GW190519_153544,C01:SEOBNRv4PHM,control,2056,-0.9000000000109198,0.8054556674784582
GW190519_153544,C01:SEOBNRv4PHM,control,1507,1.1499999999888544,0.7278954468449627
GW190519_153544,C01:SEOBNRv4PHM,control,5824,36.39999999998497,0.8285138544517728
GW190519_153544,C01:SEOBNRv4PHM,control,3517,36.39999999998497,0.8092601986912266
GW190519_153544,C01:SEOBNRv4PHM,control,1078,-1.2500000000108813,1.0225978279111954
GW190519_153544,C01:SEOBNRv4PHM,control,5239,37.59999999998484,1.0192866201812703
GW190519_153544,C01:SEOBNRv4PHM,control,4428,-0.7500000000109364,0.7279950535443929
GW190519_153544,C01:SEOBNRv4PHM,control,2264,-0.10000000001100795,0.7527477291637391
GW190519_153544,C01:SEOBNRv4PHM,control,5522,1.3999999999888268,0.784363807114741
GW190519_153544,C01:SEOBNRv4PHM,control,948,-1.1500000000108923,0.6139663093850947
GW190519_153544,C01:SEOBNRv4PHM,control,1470,1.0999999999888599,0.9174068351538092
GW190519_153544,C01:SEOBNRv4PHM,control,4504,39.84999999998459,1.0703626431408542
GW190519_153544,C01:SEOBNRv4PHM,control,2076,-5.200000000010446,0.2754334698164519
GW190519_153544,C01:SEOBNRv4PHM,control,1285,0.49999999998892597,0.7633301094262263
GW190519_153544,C01:SEOBNRv4PHM,control,3388,-6.100000000010347,0.6131022224254651
GW190519_153544,C01:SEOBNRv4PHM,control,2064,-0.6500000000109474,0.6640020446594982
GW190519_153544,C01:SEOBNRv4PHM,control,1325,41.14999999998445,0.7818081127926101
GW190519_153544,C01:SEOBNRv4PHM,control,446,-1.1018963519404679e-11,0.947674402611215
GW190519_153544,C01:SEOBNRv4PHM,control,4148,0.49999999998892597,1.0092968586193785
GW190519_153544,C01:SEOBNRv4PHM,control,3859,-3.150000000010672,0.8923407887346911
GW190519_153544,C01:SEOBNRv4PHM,control,3558,-3.8000000000106002,0.6891315535507565
GW150914,C01:IMRPhenomXPHM,failing-XPHM,3617,0.2499999999889535,1.0423144891677347
GW150914,C01:IMRPhenomXPHM,failing-XPHM,137986,0.2499999999889535,1.1171651131779623
GW150914,C01:IMRPhenomXPHM,failing-XPHM,107459,0.14999999998896452,1.0773438505857047
GW150914,C01:IMRPhenomXPHM,failing-XPHM,14605,0.49999999998892597,1.0159613103185259
GW150914,C01:IMRPhenomXPHM,failing-XPHM,91780,0.2499999999889535,1.0812337233385736
GW150914,C01:IMRPhenomXPHM,failing-XPHM,46633,0.09999999998897002,1.0721225020233638
GW150914,C01:IMRPhenomXPHM,failing-XPHM,21006,0.14999999998896452,1.1711559669401226
GW150914,C01:IMRPhenomXPHM,failing-XPHM,22393,0.14999999998896452,1.0860752248516723
GW150914,C01:IMRPhenomXPHM,failing-XPHM,73702,0.2499999999889535,1.0514055288915107
GW150914,C01:IMRPhenomXPHM,failing-XPHM,419,0.199999999988959,1.1312858144238864
GW150914,C01:IMRPhenomXPHM,failing-XPHM,82029,0.2499999999889535,1.0220501064157164
GW150914,C01:IMRPhenomXPHM,failing-XPHM,6795,0.14999999998896452,1.0835945222642396
GW150914,C01:IMRPhenomXPHM,failing-XPHM,6823,0.299999999988948,1.0674728361888033
GW150914,C01:IMRPhenomXPHM,failing-XPHM,18866,0.14999999998896452,1.0006433379216493
GW150914,C01:IMRPhenomXPHM,failing-XPHM,26979,0.299999999988948,1.1211766326693433
GW150914,C01:IMRPhenomXPHM,failing-XPHM,93564,0.599999999988915,1.0691665420660827
GW150914,C01:IMRPhenomXPHM,failing-XPHM,43978,0.299999999988948,1.0602102342258604
GW150914,C01:IMRPhenomXPHM,failing-XPHM,94139,0.14999999998896452,1.118615035038881
GW150914,C01:IMRPhenomXPHM,failing-XPHM,35489,0.09999999998897002,1.059673802959594
GW150914,C01:IMRPhenomXPHM,failing-XPHM,66344,0.2499999999889535,1.0342550414896594
GW150914,C01:IMRPhenomXPHM,failing-XPHM,57533,0.299999999988948,1.031251715312482
GW150914,C01:IMRPhenomXPHM,failing-XPHM,84256,0.199999999988959,1.1191675473164293
GW150914,C01:IMRPhenomXPHM,failing-XPHM,94857,0.299999999988948,1.1113131477779854
GW150914,C01:IMRPhenomXPHM,failing-XPHM,45636,0.199999999988959,1.1144323440292496
GW150914,C01:IMRPhenomXPHM,failing-XPHM,51015,0.09999999998897002,1.116589945480736
GW150914,C01:IMRPhenomXPHM,failing-XPHM,44193,0.14999999998896452,1.042112062909415
GW150914,C01:IMRPhenomXPHM,failing-XPHM,33093,0.09999999998897002,1.1096025063086417
GW150914,C01:IMRPhenomXPHM,failing-XPHM,40073,0.199999999988959,1.0865272670578305
GW150914,C01:IMRPhenomXPHM,failing-XPHM,96580,-0.05000000001101346,1.0057945634253498
GW150914,C01:IMRPhenomXPHM,failing-XPHM,32640,0.299999999988948,1.0994257576604627
GW150914,C01:IMRPhenomXPHM,failing-XPHM,7930,0.299999999988948,1.09001251048059
GW150914,C01:IMRPhenomXPHM,failing-XPHM,31451,0.199999999988959,1.1030152082865596
GW150914,C01:IMRPhenomXPHM,failing-XPHM,33151,0.199999999988959,1.0344393570685668
GW150914,C01:IMRPhenomXPHM,failing-XPHM,47010,0.199999999988959,1.0912872853101763
GW150914,C01:IMRPhenomXPHM,failing-XPHM,47769,0.299999999988948,1.0890210834309895
GW150914,C01:IMRPhenomXPHM,failing-XPHM,133462,0.2499999999889535,1.0581229154007612
GW150914,C01:IMRPhenomXPHM,failing-XPHM,61956,0.199999999988959,1.0448566145462361
GW150914,C01:IMRPhenomXPHM,failing-XPHM,54894,0.09999999998897002,1.053944110177904
GW150914,C01:IMRPhenomXPHM,failing-XPHM,38903,0.04999999998897553,1.078419690261949
GW150914,C01:IMRPhenomXPHM,failing-XPHM,109549,0.399999999988937,1.0582329880265327
GW150914,C01:IMRPhenomXPHM,failing-XPHM,36255,0.09999999998897002,1.051977110981541
GW150914,C01:IMRPhenomXPHM,failing-XPHM,133671,0.199999999988959,1.0545401793450309
GW150914,C01:IMRPhenomXPHM,failing-XPHM,82625,0.14999999998896452,1.0833970672037716
GW150914,C01:IMRPhenomXPHM,failing-XPHM,131560,0.14999999998896452,1.1179938239892337
GW150914,C01:IMRPhenomXPHM,failing-XPHM,60393,0.09999999998897002,1.0113431400993718
GW150914,C01:IMRPhenomXPHM,failing-XPHM,22547,0.2499999999889535,1.106293581128976
GW150914,C01:IMRPhenomXPHM,failing-XPHM,125351,0.199999999988959,1.0736001855576038
GW150914,C01:IMRPhenomXPHM,failing-XPHM,125913,0.14999999998896452,1.0259426248170298
GW150914,C01:IMRPhenomXPHM,failing-XPHM,93896,0.299999999988948,1.1189044323470692
GW150914,C01:IMRPhenomXPHM,failing-XPHM,77774,0.4499999999889315,1.1093129681072822
GW150914,C01:IMRPhenomXPHM,failing-XPHM,115395,0.299999999988948,1.0788728838456083
GW150914,C01:IMRPhenomXPHM,failing-XPHM,74819,0.09999999998897002,0.9477121043311517
GW150914,C01:IMRPhenomXPHM,failing-XPHM,23561,0.199999999988959,1.1006373464711452
GW150914,C01:IMRPhenomXPHM,failing-XPHM,100062,0.299999999988948,1.1386066337991092
GW150914,C01:IMRPhenomXPHM,failing-XPHM,88863,0.14999999998896452,1.032250606039039
GW150914,C01:IMRPhenomXPHM,failing-XPHM,122732,0.04999999998897553,1.0706397927308966
GW150914,C01:IMRPhenomXPHM,failing-XPHM,46760,0.09999999998897002,1.0516187888576636
GW150914,C01:IMRPhenomXPHM,failing-XPHM,145607,0.299999999988948,1.0855709128639397
GW150914,C01:IMRPhenomXPHM,failing-XPHM,88449,0.14999999998896452,0.968328808713908
GW150914,C01:IMRPhenomXPHM,failing-XPHM,105321,0.04999999998897553,1.1706577561202396
GW150914,C01:IMRPhenomXPHM,failing-XPHM,89187,0.14999999998896452,1.0159178017158201
GW150914,C01:IMRPhenomXPHM,failing-XPHM,46220,0.09999999998897002,1.0764542254081728
GW150914,C01:IMRPhenomXPHM,failing-XPHM,13613,0.09999999998897002,1.1004580457218827
GW150914,C01:IMRPhenomXPHM,failing-XPHM,54301,0.14999999998896452,1.087351172394942
GW150914,C01:IMRPhenomXPHM,failing-XPHM,12961,0.3499999999889425,0.9937022482894661
GW150914,C01:IMRPhenomXPHM,failing-XPHM,706,0.14999999998896452,1.0972839424826775
GW150914,C01:IMRPhenomXPHM,failing-XPHM,126639,0.299999999988948,1.0095965847235837
GW150914,C01:IMRPhenomXPHM,failing-XPHM,12097,0.2499999999889535,1.0573120891706125
GW150914,C01:IMRPhenomXPHM,failing-XPHM,45454,0.09999999998897002,1.1055373243609148
GW150914,C01:IMRPhenomXPHM,failing-XPHM,44641,0.2499999999889535,1.063361107759345
GW150914,C01:IMRPhenomXPHM,failing-XPHM,113252,0.2499999999889535,0.9846230360988042
GW150914,C01:IMRPhenomXPHM,failing-XPHM,136140,0.2499999999889535,1.0936677698154165
GW150914,C01:IMRPhenomXPHM,failing-XPHM,136478,0.14999999998896452,1.0813240352592277
GW150914,C01:IMRPhenomXPHM,failing-XPHM,1737,0.399999999988937,0.9965970368469274
GW150914,C01:IMRPhenomXPHM,failing-XPHM,82273,0.09999999998897002,1.0380456756851535
GW150914,C01:IMRPhenomXPHM,failing-XPHM,25886,0.199999999988959,1.125450364496952
GW150914,C01:IMRPhenomXPHM,failing-XPHM,112933,0.2499999999889535,1.0856218317107638
GW150914,C01:IMRPhenomXPHM,failing-XPHM,17340,0.04999999998897553,1.046839693616103
GW150914,C01:IMRPhenomXPHM,failing-XPHM,132897,0.199999999988959,1.0743766453956838
GW150914,C01:IMRPhenomXPHM,failing-XPHM,5617,0.299999999988948,1.083579078555883
GW150914,C01:IMRPhenomXPHM,failing-XPHM,1323,0.09999999998897002,1.0201557518418751
GW150914,C01:IMRPhenomXPHM,failing-XPHM,46815,0.14999999998896452,1.1023601343058445
GW150914,C01:IMRPhenomXPHM,failing-XPHM,44560,0.4499999999889315,1.0434871010282925
GW150914,C01:IMRPhenomXPHM,failing-XPHM,48502,0.04999999998897553,1.0906756407893576
GW150914,C01:IMRPhenomXPHM,failing-XPHM,73793,0.09999999998897002,1.0745821761320309
GW150914,C01:IMRPhenomXPHM,failing-XPHM,94433,-0.05000000001101346,1.0912989740498116
GW150914,C01:IMRPhenomXPHM,failing-XPHM,146940,0.2499999999889535,1.0923470906694206
GW150914,C01:IMRPhenomXPHM,failing-XPHM,28722,0.299999999988948,1.0736621423979205
GW150914,C01:IMRPhenomXPHM,failing-XPHM,126406,0.299999999988948,1.0735372035908743
GW150914,C01:IMRPhenomXPHM,failing-XPHM,32274,0.299999999988948,1.076711175969214
GW150914,C01:IMRPhenomXPHM,failing-XPHM,99888,0.299999999988948,1.1119675449109312
GW150914,C01:IMRPhenomXPHM,failing-XPHM,70264,0.199999999988959,1.1530014775992692
GW150914,C01:IMRPhenomXPHM,failing-XPHM,144548,0.199999999988959,1.1140352382656609
GW150914,C01:IMRPhenomXPHM,failing-XPHM,13320,0.299999999988948,1.0174342418178735
GW150914,C01:IMRPhenomXPHM,failing-XPHM,89149,0.09999999998897002,1.216001125813528
GW150914,C01:IMRPhenomXPHM,failing-XPHM,849,0.2499999999889535,1.040409432262975
GW150914,C01:IMRPhenomXPHM,failing-XPHM,119272,0.199999999988959,1.0799480197595281
GW150914,C01:IMRPhenomXPHM,failing-XPHM,13268,0.09999999998897002,1.0664966964885347
GW150914,C01:IMRPhenomXPHM,failing-XPHM,93609,0.2499999999889535,1.0287776491432103
GW150914,C01:IMRPhenomXPHM,failing-XPHM,138547,0.2499999999889535,1.0338656674093094
GW150914,C01:IMRPhenomXPHM,failing-XPHM,59634,0.14999999998896452,1.1258286571569165
GW150914,C01:IMRPhenomXPHM,failing-XPHM,126824,0.399999999988937,1.0842606247734785
GW150914,C01:IMRPhenomXPHM,failing-XPHM,37026,0.14999999998896452,1.045628369623521
GW150914,C01:IMRPhenomXPHM,failing-XPHM,122207,0.2499999999889535,1.099399891387401
GW150914,C01:IMRPhenomXPHM,failing-XPHM,23229,0.2499999999889535,1.1111982598107621
GW150914,C01:IMRPhenomXPHM,failing-XPHM,75431,0.2499999999889535,1.084196243562371
GW150914,C01:IMRPhenomXPHM,failing-XPHM,8999,0.2499999999889535,1.0561399894642713
GW150914,C01:IMRPhenomXPHM,failing-XPHM,33142,0.2499999999889535,1.054901914721356
GW150914,C01:IMRPhenomXPHM,failing-XPHM,107607,0.14999999998896452,1.126797942411784
GW150914,C01:IMRPhenomXPHM,failing-XPHM,63038,0.299999999988948,1.0372698174425916
GW150914,C01:IMRPhenomXPHM,failing-XPHM,110200,0.2499999999889535,1.1256758214319662
GW150914,C01:IMRPhenomXPHM,failing-XPHM,133611,0.09999999998897002,1.0597813013332844
GW150914,C01:IMRPhenomXPHM,failing-XPHM,1374,0.2499999999889535,1.079361681968463
GW150914,C01:IMRPhenomXPHM,failing-XPHM,137808,0.09999999998897002,1.0992059393366598
GW150914,C01:IMRPhenomXPHM,failing-XPHM,86443,0.14999999998896452,1.0215901681769382
GW150914,C01:IMRPhenomXPHM,failing-XPHM,37520,0.3499999999889425,1.0628477751333913
GW150914,C01:IMRPhenomXPHM,failing-XPHM,56323,0.14999999998896452,1.0479996835749856
GW150914,C01:IMRPhenomXPHM,failing-XPHM,58491,0.2499999999889535,1.111577897644688
GW150914,C01:IMRPhenomXPHM,failing-XPHM,68792,0.14999999998896452,0.9954716058115776
GW150914,C01:IMRPhenomXPHM,failing-XPHM,134557,0.09999999998897002,1.031683691077341
GW150914,C01:IMRPhenomXPHM,failing-XPHM,12416,0.199999999988959,1.0616768494467652
GW150914,C01:IMRPhenomXPHM,failing-XPHM,62614,0.3499999999889425,1.0737107365565146
GW150914,C01:IMRPhenomXPHM,failing-XPHM,66575,-1.1018963519404679e-11,1.098598492227448
GW150914,C01:IMRPhenomXPHM,failing-XPHM,82071,0.14999999998896452,1.159033240243034
GW150914,C01:IMRPhenomXPHM,failing-XPHM,26947,0.09999999998897002,1.075350982086737
GW150914,C01:IMRPhenomXPHM,failing-XPHM,122392,0.299999999988948,1.0750946003751738
GW150914,C01:IMRPhenomXPHM,failing-XPHM,646,0.09999999998897002,1.1615805423558392
GW150914,C01:IMRPhenomXPHM,failing-XPHM,123418,0.199999999988959,1.1741267719397077
GW150914,C01:IMRPhenomXPHM,failing-XPHM,78143,0.04999999998897553,1.1712966975114156
GW150914,C01:IMRPhenomXPHM,failing-XPHM,17609,-1.1018963519404679e-11,1.0767783992182756
GW150914,C01:IMRPhenomXPHM,failing-XPHM,141317,0.14999999998896452,1.04566629771727
GW150914,C01:IMRPhenomXPHM,failing-XPHM,47026,0.399999999988937,1.1163976025801938
GW150914,C01:IMRPhenomXPHM,failing-XPHM,4691,0.3499999999889425,1.0458273934524895
GW150914,C01:IMRPhenomXPHM,failing-XPHM,9239,0.3499999999889425,1.1502915026673752
GW150914,C01:IMRPhenomXPHM,failing-XPHM,124890,0.14999999998896452,1.1480379473079334
GW150914,C01:IMRPhenomXPHM,failing-XPHM,118229,0.14999999998896452,1.0997493230749644
GW150914,C01:IMRPhenomXPHM,failing-XPHM,9298,0.2499999999889535,0.9985283031148541
GW150914,C01:IMRPhenomXPHM,failing-XPHM,33173,0.04999999998897553,1.093870852055128
GW150914,C01:IMRPhenomXPHM,failing-XPHM,122371,0.14999999998896452,1.0966227957860488
GW150914,C01:IMRPhenomXPHM,failing-XPHM,79279,0.04999999998897553,1.14637062722788
GW150914,C01:IMRPhenomXPHM,failing-XPHM,11259,0.199999999988959,1.0806920207279729
GW150914,C01:IMRPhenomXPHM,failing-XPHM,1162,0.04999999998897553,1.100262033591654
GW150914,C01:IMRPhenomXPHM,failing-XPHM,138276,0.09999999998897002,1.0982850510163515
GW150914,C01:IMRPhenomXPHM,failing-XPHM,13402,0.14999999998896452,1.121003286402195
GW150914,C01:IMRPhenomXPHM,failing-XPHM,147366,0.14999999998896452,1.0873848009217417
GW150914,C01:IMRPhenomXPHM,failing-XPHM,123882,0.14999999998896452,1.0652560925256005
GW150914,C01:IMRPhenomXPHM,failing-XPHM,128651,0.14999999998896452,1.1045172344012695
GW150914,C01:IMRPhenomXPHM,failing-XPHM,81588,0.2499999999889535,1.0393942909983973
GW150914,C01:IMRPhenomXPHM,failing-XPHM,40584,0.09999999998897002,1.0690781193888175
GW150914,C01:IMRPhenomXPHM,failing-XPHM,19606,0.3499999999889425,1.0505063109495818
GW150914,C01:IMRPhenomXPHM,failing-XPHM,56879,0.199999999988959,1.0720246035456071
GW150914,C01:IMRPhenomXPHM,failing-XPHM,117042,0.2499999999889535,1.0316500054299325
GW150914,C01:IMRPhenomXPHM,failing-XPHM,57115,0.199999999988959,1.1330241705488395
GW150914,C01:IMRPhenomXPHM,failing-XPHM,140935,0.199999999988959,0.9961821485839686
GW150914,C01:IMRPhenomXPHM,failing-XPHM,121124,-0.05000000001101346,1.083836147398772
GW150914,C01:IMRPhenomXPHM,failing-XPHM,100224,0.299999999988948,1.0996380280289924
GW150914,C01:IMRPhenomXPHM,failing-XPHM,132768,0.299999999988948,1.0802036192348836
GW150914,C01:IMRPhenomXPHM,failing-XPHM,77989,0.199999999988959,1.0598002478457258
GW150914,C01:IMRPhenomXPHM,failing-XPHM,45558,0.199999999988959,1.0684103527869828
GW150914,C01:IMRPhenomXPHM,failing-XPHM,94981,0.199999999988959,1.052591522259661
GW150914,C01:IMRPhenomXPHM,failing-XPHM,43414,0.2499999999889535,1.0219811078277121
GW150914,C01:IMRPhenomXPHM,failing-XPHM,143580,0.14999999998896452,1.1190609788075354
GW150914,C01:IMRPhenomXPHM,failing-XPHM,4479,0.09999999998897002,1.1509401172553952
GW150914,C01:IMRPhenomXPHM,failing-XPHM,12614,0.09999999998897002,1.0125273728453654
GW150914,C01:IMRPhenomXPHM,failing-XPHM,72538,0.299999999988948,1.0181341823219434
GW150914,C01:IMRPhenomXPHM,failing-XPHM,50977,0.2499999999889535,1.1254034410498954
GW150914,C01:IMRPhenomXPHM,failing-XPHM,146795,0.09999999998897002,1.06332458176303
GW150914,C01:IMRPhenomXPHM,failing-XPHM,67579,0.09999999998897002,1.037087581241932
GW150914,C01:IMRPhenomXPHM,failing-XPHM,138494,0.2499999999889535,1.0330076999294335
GW150914,C01:IMRPhenomXPHM,failing-XPHM,96646,0.09999999998897002,1.0562449258803777
GW150914,C01:IMRPhenomXPHM,failing-XPHM,54417,0.199999999988959,1.0880779391688786
GW150914,C01:IMRPhenomXPHM,failing-XPHM,53114,0.199999999988959,1.0125487280109837
GW150914,C01:IMRPhenomXPHM,failing-XPHM,118118,0.09999999998897002,1.1366029299693978
GW150914,C01:IMRPhenomXPHM,failing-XPHM,12894,0.199999999988959,1.1676686204100089
GW150914,C01:IMRPhenomXPHM,failing-XPHM,106048,0.299999999988948,1.0888094474697396
GW150914,C01:IMRPhenomXPHM,failing-XPHM,71264,0.199999999988959,1.0205856423896607
GW150914,C01:IMRPhenomXPHM,failing-XPHM,76232,0.3499999999889425,1.1434776183692748
GW150914,C01:IMRPhenomXPHM,failing-XPHM,100878,0.2499999999889535,1.1159747465315477
GW150914,C01:IMRPhenomXPHM,failing-XPHM,5507,0.3499999999889425,1.0971314183013245
GW150914,C01:IMRPhenomXPHM,failing-XPHM,88010,0.3499999999889425,1.1203298818614902
GW150914,C01:IMRPhenomXPHM,failing-XPHM,129689,0.04999999998897553,1.0879764664917355
GW150914,C01:IMRPhenomXPHM,failing-XPHM,88560,0.14999999998896452,1.0790209791236411
GW150914,C01:IMRPhenomXPHM,failing-XPHM,48837,0.09999999998897002,1.0604593804300833
GW150914,C01:IMRPhenomXPHM,failing-XPHM,63890,0.199999999988959,1.1000676293197682
GW150914,C01:IMRPhenomXPHM,failing-XPHM,56707,0.09999999998897002,0.9985125542552257
GW150914,C01:IMRPhenomXPHM,failing-XPHM,119224,0.14999999998896452,0.9984833171795809
GW150914,C01:IMRPhenomXPHM,failing-XPHM,61746,0.199999999988959,1.0054384677287833
GW150914,C01:IMRPhenomXPHM,failing-XPHM,76438,0.2499999999889535,1.1244252498713903
GW150914,C01:IMRPhenomXPHM,failing-XPHM,113041,0.09999999998897002,1.1232085685435067
GW150914,C01:IMRPhenomXPHM,failing-XPHM,77303,0.3499999999889425,1.0963859872531547
GW150914,C01:IMRPhenomXPHM,failing-XPHM,34731,0.199999999988959,1.1561165002603382
GW150914,C01:IMRPhenomXPHM,failing-XPHM,48612,-0.05000000001101346,1.029553225537959
GW150914,C01:IMRPhenomXPHM,failing-XPHM,7427,0.09999999998897002,1.0986266740889283
GW150914,C01:IMRPhenomXPHM,failing-XPHM,32577,0.14999999998896452,1.0572775214556418
GW150914,C01:IMRPhenomXPHM,failing-XPHM,78406,0.14999999998896452,1.1048499548394515
GW150914,C01:IMRPhenomXPHM,failing-XPHM,98411,0.3499999999889425,1.0699415022335534
GW150914,C01:IMRPhenomXPHM,failing-XPHM,41221,0.3499999999889425,1.003462683611681
GW150914,C01:IMRPhenomXPHM,failing-XPHM,105524,0.199999999988959,0.9934392497120799
GW150914,C01:IMRPhenomXPHM,failing-XPHM,50665,0.399999999988937,1.0320380180031417
GW150914,C01:IMRPhenomXPHM,failing-XPHM,39207,0.399999999988937,1.0488041444380303
GW170814,C01:IMRPhenomXPHM,failing-XPHM,45176,-0.10000000001100795,1.0368153157049842
GW170814,C01:IMRPhenomXPHM,failing-XPHM,96875,-1.1018963519404679e-11,1.068268740161197
GW170814,C01:IMRPhenomXPHM,failing-XPHM,100054,-1.1018963519404679e-11,1.095647466305593
GW170814,C01:IMRPhenomXPHM,failing-XPHM,14025,-0.3000000000109859,1.0953213104760575
GW170814,C01:IMRPhenomXPHM,failing-XPHM,107495,-0.25000000001099143,1.0325134113318408
GW170814,C01:IMRPhenomXPHM,failing-XPHM,55527,-0.20000000001099694,1.0246115828565348
GW170814,C01:IMRPhenomXPHM,failing-XPHM,54179,-0.3000000000109859,1.0039402362593655
GW170814,C01:IMRPhenomXPHM,failing-XPHM,32448,-0.25000000001099143,1.0919933601628549
GW170814,C01:IMRPhenomXPHM,failing-XPHM,30201,-1.1018963519404679e-11,0.9777250310007736
GW170814,C01:IMRPhenomXPHM,failing-XPHM,95843,-0.10000000001100795,1.1004821350993055
GW170814,C01:IMRPhenomXPHM,failing-XPHM,102371,-0.15000000001100244,1.0117857982068768
GW170814,C01:IMRPhenomXPHM,failing-XPHM,13897,-0.3500000000109804,0.9308221291966672
GW170814,C01:IMRPhenomXPHM,failing-XPHM,62520,-0.05000000001101346,0.987442882179185
GW170814,C01:IMRPhenomXPHM,failing-XPHM,60206,-0.10000000001100795,1.0194547611760085
GW170814,C01:IMRPhenomXPHM,failing-XPHM,24133,-0.3500000000109804,1.072307157683506
GW170814,C01:IMRPhenomXPHM,failing-XPHM,58378,-0.25000000001099143,0.9814891387514597
GW170814,C01:IMRPhenomXPHM,failing-XPHM,107636,-0.15000000001100244,1.0381902480989018
GW170814,C01:IMRPhenomXPHM,failing-XPHM,83046,-1.1018963519404679e-11,1.090603629343717
GW170814,C01:IMRPhenomXPHM,failing-XPHM,89349,-0.4000000000109749,1.106089876645002
GW170814,C01:IMRPhenomXPHM,failing-XPHM,43660,-1.1018963519404679e-11,1.0222088241482719
GW170814,C01:IMRPhenomXPHM,failing-XPHM,135680,-0.4000000000109749,1.0142595058154023
GW170814,C01:IMRPhenomXPHM,failing-XPHM,97175,-0.3000000000109859,1.1000247801695524
GW170814,C01:IMRPhenomXPHM,failing-XPHM,18955,-0.4000000000109749,1.056496400133693
GW170814,C01:IMRPhenomXPHM,failing-XPHM,55327,-0.10000000001100795,1.0733873338733972
GW170814,C01:IMRPhenomXPHM,failing-XPHM,37304,0.04999999998897553,1.1034600044629028
GW170814,C01:IMRPhenomXPHM,failing-XPHM,25339,-0.3000000000109859,0.987068887871034
GW170814,C01:IMRPhenomXPHM,failing-XPHM,12379,-0.3500000000109804,1.0045879905444477
GW170814,C01:IMRPhenomXPHM,failing-XPHM,124813,-0.15000000001100244,1.0058856779876444
GW170814,C01:IMRPhenomXPHM,failing-XPHM,119122,-0.05000000001101346,0.9030513821469518
GW170814,C01:IMRPhenomXPHM,failing-XPHM,14845,-0.05000000001101346,1.002439179021816
GW170814,C01:IMRPhenomXPHM,failing-XPHM,86145,0.04999999998897553,1.1334207863797188
GW170814,C01:IMRPhenomXPHM,failing-XPHM,121921,-0.20000000001099694,0.8354609198438129
GW170814,C01:IMRPhenomXPHM,failing-XPHM,35844,0.09999999998897002,1.11309618933709
GW170814,C01:IMRPhenomXPHM,failing-XPHM,14055,-0.15000000001100244,0.9557114389634473
GW170814,C01:IMRPhenomXPHM,failing-XPHM,80778,-0.05000000001101346,1.1259252414655057
GW170814,C01:IMRPhenomXPHM,failing-XPHM,85190,-0.05000000001101346,1.006133169634491
GW170814,C01:IMRPhenomXPHM,failing-XPHM,116259,-0.25000000001099143,1.0333318470925326
GW170814,C01:IMRPhenomXPHM,failing-XPHM,27816,-0.15000000001100244,1.1116062333631274
GW170814,C01:IMRPhenomXPHM,failing-XPHM,77595,-0.10000000001100795,1.034892323149876
GW170814,C01:IMRPhenomXPHM,failing-XPHM,65950,-0.25000000001099143,1.030665208822496
GW170814,C01:IMRPhenomXPHM,failing-XPHM,57458,0.04999999998897553,1.0737177254130819
GW170814,C01:IMRPhenomXPHM,failing-XPHM,15534,-0.05000000001101346,0.9274138968377829
GW170814,C01:IMRPhenomXPHM,failing-XPHM,22704,-0.05000000001101346,1.0061494361101682
GW170814,C01:IMRPhenomXPHM,failing-XPHM,91900,-0.15000000001100244,0.9740744357854302
GW170814,C01:IMRPhenomXPHM,failing-XPHM,137553,-0.05000000001101346,0.9727399826704326
GW170814,C01:IMRPhenomXPHM,failing-XPHM,15956,-0.10000000001100795,1.01247309819021
GW170814,C01:IMRPhenomXPHM,failing-XPHM,134834,-0.10000000001100795,1.0149683633006512
GW170814,C01:IMRPhenomXPHM,failing-XPHM,43736,-0.10000000001100795,1.0298261676146407
GW170814,C01:IMRPhenomXPHM,failing-XPHM,644,0.09999999998897002,1.077253394287383
GW170814,C01:IMRPhenomXPHM,failing-XPHM,47845,0.09999999998897002,1.0011572962523856
GW170814,C01:IMRPhenomXPHM,failing-XPHM,28717,-0.05000000001101346,1.0303815672421475
GW170814,C01:IMRPhenomXPHM,failing-XPHM,118811,-0.3500000000109804,1.026808155168559
GW170814,C01:IMRPhenomXPHM,failing-XPHM,53129,-0.05000000001101346,1.0274048711826256
GW170814,C01:IMRPhenomXPHM,failing-XPHM,29990,-0.25000000001099143,1.0912326951856168
GW170814,C01:IMRPhenomXPHM,failing-XPHM,41267,-0.3000000000109859,1.0179717879068244
GW170814,C01:IMRPhenomXPHM,failing-XPHM,135944,0.14999999998896452,1.067665885000321
GW170814,C01:IMRPhenomXPHM,failing-XPHM,48017,-0.15000000001100244,1.0027412606549166
GW170814,C01:IMRPhenomXPHM,failing-XPHM,135745,-0.20000000001099694,0.9930059589517373
GW170814,C01:IMRPhenomXPHM,failing-XPHM,47150,-0.25000000001099143,1.1245227094184902
GW170814,C01:IMRPhenomXPHM,failing-XPHM,133820,0.04999999998897553,1.0077507153281744
GW170814,C01:IMRPhenomXPHM,failing-XPHM,101906,-1.1018963519404679e-11,1.0168329872814181
GW170814,C01:IMRPhenomXPHM,failing-XPHM,25636,-0.4500000000109694,1.035449608735178
GW170814,C01:IMRPhenomXPHM,failing-XPHM,121306,-0.4000000000109749,1.0044685369816473
GW170814,C01:IMRPhenomXPHM,failing-XPHM,101466,-0.25000000001099143,1.0022126316026978
GW170814,C01:IMRPhenomXPHM,failing-XPHM,2163,-0.3000000000109859,1.0098334186108704
GW170814,C01:IMRPhenomXPHM,failing-XPHM,62337,-1.1018963519404679e-11,1.0475750738775913
GW170814,C01:IMRPhenomXPHM,failing-XPHM,96207,-0.10000000001100795,1.0222676870220209
GW170814,C01:IMRPhenomXPHM,failing-XPHM,120688,-0.3000000000109859,1.044767653316972
GW170814,C01:IMRPhenomXPHM,failing-XPHM,116316,-0.15000000001100244,0.9750066920661151
GW170814,C01:IMRPhenomXPHM,failing-XPHM,105959,-0.20000000001099694,0.956712789836615
GW170814,C01:IMRPhenomXPHM,failing-XPHM,55062,-0.25000000001099143,0.9831105579632192
GW170814,C01:IMRPhenomXPHM,failing-XPHM,84640,-0.20000000001099694,0.9616430548142357
GW170814,C01:IMRPhenomXPHM,failing-XPHM,132732,-0.3000000000109859,1.0284324896084345
GW170814,C01:IMRPhenomXPHM,failing-XPHM,126454,-0.3500000000109804,0.9623347291946602
GW170814,C01:IMRPhenomXPHM,failing-XPHM,29736,0.09999999998897002,1.024152978862
GW170814,C01:IMRPhenomXPHM,failing-XPHM,6547,-0.10000000001100795,1.0014735390486575
GW170814,C01:IMRPhenomXPHM,failing-XPHM,41484,0.14999999998896452,0.969269059681823
GW170814,C01:IMRPhenomXPHM,failing-XPHM,93492,-0.25000000001099143,1.0962574542147676
GW170814,C01:IMRPhenomXPHM,failing-XPHM,134997,-0.20000000001099694,1.1040912196163122
GW170814,C01:IMRPhenomXPHM,failing-XPHM,114819,-0.20000000001099694,1.0168347545478673
GW170814,C01:IMRPhenomXPHM,failing-XPHM,114923,-0.4000000000109749,0.9373636482934042
GW170814,C01:IMRPhenomXPHM,failing-XPHM,22594,-0.15000000001100244,1.0816512298014116
GW170814,C01:IMRPhenomXPHM,failing-XPHM,14710,0.04999999998897553,0.9897526614196213
GW170814,C01:IMRPhenomXPHM,failing-XPHM,74900,0.04999999998897553,0.939148342557673
GW170814,C01:IMRPhenomXPHM,failing-XPHM,781,-0.10000000001100795,0.966618830465172
GW170814,C01:IMRPhenomXPHM,failing-XPHM,40979,-0.10000000001100795,1.0979205471017228
GW170814,C01:IMRPhenomXPHM,failing-XPHM,112963,-0.25000000001099143,0.9991487708509194
GW170814,C01:IMRPhenomXPHM,failing-XPHM,58662,-0.4500000000109694,1.1059006206796436
GW170814,C01:IMRPhenomXPHM,failing-XPHM,98579,-0.05000000001101346,0.976635056812621
GW170814,C01:IMRPhenomXPHM,failing-XPHM,29053,-1.1018963519404679e-11,1.0954495473898374
GW170814,C01:IMRPhenomXPHM,failing-XPHM,118825,-0.25000000001099143,1.0081937495925792
GW170814,C01:IMRPhenomXPHM,failing-XPHM,30558,-0.20000000001099694,1.0221236331877415
GW170814,C01:IMRPhenomXPHM,failing-XPHM,121441,-1.1018963519404679e-11,1.0641083855500104
GW170814,C01:IMRPhenomXPHM,failing-XPHM,120244,-0.05000000001101346,1.048292413628415
GW170814,C01:IMRPhenomXPHM,failing-XPHM,103214,-0.3000000000109859,0.8893702107627164
GW170814,C01:IMRPhenomXPHM,failing-XPHM,133612,-0.25000000001099143,1.0140610666387297
GW170814,C01:IMRPhenomXPHM,failing-XPHM,20452,-0.10000000001100795,0.9152965249310215
GW170814,C01:IMRPhenomXPHM,failing-XPHM,124293,-0.05000000001101346,1.0736842207115584
GW170814,C01:IMRPhenomXPHM,failing-XPHM,27452,-0.3000000000109859,1.0835081538944606
GW170814,C01:IMRPhenomXPHM,failing-XPHM,52170,0.04999999998897553,0.9502053183053252
GW170814,C01:IMRPhenomXPHM,failing-XPHM,84493,-0.15000000001100244,1.0797392531096475
GW170814,C01:IMRPhenomXPHM,failing-XPHM,96737,-1.1018963519404679e-11,1.00753854659588
GW170814,C01:IMRPhenomXPHM,failing-XPHM,128977,-0.3000000000109859,1.1601785404247567
GW170814,C01:IMRPhenomXPHM,failing-XPHM,117081,-0.15000000001100244,1.1426492698900064
GW170814,C01:IMRPhenomXPHM,failing-XPHM,78762,-0.15000000001100244,1.0467173528958615
GW170814,C01:IMRPhenomXPHM,failing-XPHM,138423,-0.15000000001100244,1.012625673934099
GW170814,C01:IMRPhenomXPHM,failing-XPHM,54724,-0.20000000001099694,1.035754998557393
GW170814,C01:IMRPhenomXPHM,failing-XPHM,23130,-0.20000000001099694,1.037672342263252
GW170814,C01:IMRPhenomXPHM,failing-XPHM,136905,-0.10000000001100795,1.0010187279406566
GW170814,C01:IMRPhenomXPHM,failing-XPHM,88711,0.09999999998897002,1.051841444693326
GW170814,C01:IMRPhenomXPHM,failing-XPHM,136665,-0.15000000001100244,1.0268666914942806
GW170814,C01:IMRPhenomXPHM,failing-XPHM,57662,-0.25000000001099143,0.9348315224170733
GW170814,C01:IMRPhenomXPHM,failing-XPHM,16918,-0.15000000001100244,1.0415135763133843
GW170814,C01:IMRPhenomXPHM,failing-XPHM,113869,-0.25000000001099143,0.9924387880111475
GW170814,C01:IMRPhenomXPHM,failing-XPHM,81075,-0.05000000001101346,0.9610084036988182
GW170814,C01:IMRPhenomXPHM,failing-XPHM,7983,-0.3000000000109859,1.1006825269467608
GW170814,C01:IMRPhenomXPHM,failing-XPHM,21769,-0.20000000001099694,1.0073838546245018
GW170814,C01:IMRPhenomXPHM,failing-XPHM,8283,-1.1018963519404679e-11,0.9710631492826551
GW170814,C01:IMRPhenomXPHM,failing-XPHM,78529,-0.10000000001100795,0.985561667058066
GW170814,C01:IMRPhenomXPHM,failing-XPHM,106934,-0.15000000001100244,1.0587392162552043
GW170814,C01:IMRPhenomXPHM,failing-XPHM,52775,-0.20000000001099694,0.997752013458258
GW170814,C01:IMRPhenomXPHM,failing-XPHM,36675,-0.3500000000109804,1.0608743516473595
GW170814,C01:IMRPhenomXPHM,failing-XPHM,8548,-0.20000000001099694,0.9424161068503651
GW170814,C01:IMRPhenomXPHM,failing-XPHM,42698,-0.05000000001101346,0.9761390653964543
GW170814,C01:IMRPhenomXPHM,failing-XPHM,88626,-0.20000000001099694,0.8815770887482721
GW170814,C01:IMRPhenomXPHM,failing-XPHM,89832,-1.1018963519404679e-11,1.0326993702543745
GW170814,C01:IMRPhenomXPHM,failing-XPHM,50687,-0.25000000001099143,0.9977172052539611
GW170814,C01:IMRPhenomXPHM,failing-XPHM,72572,-0.20000000001099694,1.0494564557533261
GW170814,C01:IMRPhenomXPHM,failing-XPHM,82401,-0.25000000001099143,1.005383729034755
GW170814,C01:IMRPhenomXPHM,failing-XPHM,72722,-0.05000000001101346,1.024115116086866
GW170814,C01:IMRPhenomXPHM,failing-XPHM,70599,-0.20000000001099694,1.0461093440911353
GW170814,C01:IMRPhenomXPHM,failing-XPHM,29729,-0.05000000001101346,1.025247037853382
GW170814,C01:IMRPhenomXPHM,failing-XPHM,125608,-0.05000000001101346,1.0323818688976387
GW170814,C01:IMRPhenomXPHM,failing-XPHM,17114,0.04999999998897553,1.1109558486885667
GW170814,C01:IMRPhenomXPHM,failing-XPHM,82094,-0.05000000001101346,0.9949946450056302
GW170814,C01:IMRPhenomXPHM,failing-XPHM,119734,-0.20000000001099694,0.9455692809361359
GW170814,C01:IMRPhenomXPHM,failing-XPHM,12042,-1.1018963519404679e-11,0.9635998285479237
GW170814,C01:IMRPhenomXPHM,failing-XPHM,135308,-0.10000000001100795,1.0685583723912397
GW170814,C01:IMRPhenomXPHM,failing-XPHM,110400,-0.05000000001101346,0.9799650351283904
GW170814,C01:IMRPhenomXPHM,failing-XPHM,39640,-1.1018963519404679e-11,0.8857511004556846
GW170814,C01:IMRPhenomXPHM,failing-XPHM,78155,-0.05000000001101346,1.0372578948827416
GW170814,C01:IMRPhenomXPHM,failing-XPHM,130626,-0.20000000001099694,0.9726232770205775
GW170814,C01:IMRPhenomXPHM,failing-XPHM,52918,-0.20000000001099694,1.0880343494155695
GW170814,C01:IMRPhenomXPHM,failing-XPHM,102279,-1.1018963519404679e-11,0.9946172221691626
GW170814,C01:IMRPhenomXPHM,failing-XPHM,43112,-0.10000000001100795,1.0880331548278421
GW170814,C01:IMRPhenomXPHM,failing-XPHM,19778,-0.05000000001101346,1.064155793407137
GW170814,C01:IMRPhenomXPHM,failing-XPHM,10595,-1.1018963519404679e-11,0.9971652513380516
GW170814,C01:IMRPhenomXPHM,failing-XPHM,1715,-0.05000000001101346,0.9392147665447867
GW170814,C01:IMRPhenomXPHM,failing-XPHM,58169,-0.15000000001100244,1.0185773405112906
GW170814,C01:IMRPhenomXPHM,failing-XPHM,2213,-0.15000000001100244,1.130569783466781
GW170814,C01:IMRPhenomXPHM,failing-XPHM,34701,-0.15000000001100244,1.1018806958284655
GW170814,C01:IMRPhenomXPHM,failing-XPHM,64621,-0.10000000001100795,1.0089261002785137
GW170814,C01:IMRPhenomXPHM,failing-XPHM,95915,-0.20000000001099694,1.002666784388801
GW170814,C01:IMRPhenomXPHM,failing-XPHM,106987,-0.3500000000109804,0.97162214378396
GW170814,C01:IMRPhenomXPHM,failing-XPHM,121562,-1.1018963519404679e-11,1.0779916094244255
GW170814,C01:IMRPhenomXPHM,failing-XPHM,88802,-0.3500000000109804,1.0031414090699171
GW170814,C01:IMRPhenomXPHM,failing-XPHM,134857,-0.25000000001099143,0.9881537306498553
GW170814,C01:IMRPhenomXPHM,failing-XPHM,69432,-0.10000000001100795,1.0551590393494272
GW170814,C01:IMRPhenomXPHM,failing-XPHM,128568,-0.05000000001101346,0.9597735651311077
GW170814,C01:IMRPhenomXPHM,failing-XPHM,56981,-0.20000000001099694,1.1881599580203865
GW170814,C01:IMRPhenomXPHM,failing-XPHM,57503,-0.4000000000109749,1.0184816064047824
GW170814,C01:IMRPhenomXPHM,failing-XPHM,9580,-0.10000000001100795,1.0447720368168758
GW170814,C01:IMRPhenomXPHM,failing-XPHM,54633,-0.10000000001100795,0.9835974428518257
GW170814,C01:IMRPhenomXPHM,failing-XPHM,85991,-0.05000000001101346,1.1371617266566014
GW170814,C01:IMRPhenomXPHM,failing-XPHM,121147,-0.20000000001099694,0.9821694081144061
GW170814,C01:IMRPhenomXPHM,failing-XPHM,83927,-0.3500000000109804,1.0426641681600053
GW170814,C01:IMRPhenomXPHM,failing-XPHM,99606,-0.20000000001099694,0.9808494836479874
GW170814,C01:IMRPhenomXPHM,failing-XPHM,119271,-0.10000000001100795,1.0760710411873669
GW170814,C01:IMRPhenomXPHM,failing-XPHM,87533,-0.25000000001099143,1.04481495035225
GW170814,C01:IMRPhenomXPHM,failing-XPHM,25120,-0.3000000000109859,0.9519011262106224
GW170814,C01:IMRPhenomXPHM,failing-XPHM,75267,0.04999999998897553,0.9961099873310295
GW170814,C01:IMRPhenomXPHM,failing-XPHM,44158,0.14999999998896452,0.9536077114118686
GW170814,C01:IMRPhenomXPHM,failing-XPHM,115352,0.14999999998896452,1.0266815229121593
GW170814,C01:IMRPhenomXPHM,failing-XPHM,35785,-0.05000000001101346,0.9643182329377263
GW170814,C01:IMRPhenomXPHM,failing-XPHM,102798,-0.3000000000109859,0.837468651814475
GW170814,C01:IMRPhenomXPHM,failing-XPHM,69199,-0.10000000001100795,0.9674111948310661
GW170814,C01:IMRPhenomXPHM,failing-XPHM,115474,-0.20000000001099694,1.0475869061517105
GW170814,C01:IMRPhenomXPHM,failing-XPHM,65152,-0.20000000001099694,1.0756959241783124
GW170814,C01:IMRPhenomXPHM,failing-XPHM,2126,-0.05000000001101346,1.003644353225379
GW170814,C01:IMRPhenomXPHM,failing-XPHM,75214,-0.10000000001100795,0.88699553160095
GW170814,C01:IMRPhenomXPHM,failing-XPHM,87433,0.199999999988959,0.9868245359289557
GW170814,C01:IMRPhenomXPHM,failing-XPHM,43436,-0.20000000001099694,1.049754795782737
GW170814,C01:IMRPhenomXPHM,failing-XPHM,76534,-0.3500000000109804,0.9429819522101427
GW170814,C01:IMRPhenomXPHM,failing-XPHM,102414,-0.25000000001099143,1.0913467809660466
GW170814,C01:IMRPhenomXPHM,failing-XPHM,63279,-0.10000000001100795,1.0246455661739173
GW170814,C01:IMRPhenomXPHM,failing-XPHM,19210,-0.3500000000109804,1.0372543697849193
GW170814,C01:IMRPhenomXPHM,failing-XPHM,121516,-0.20000000001099694,0.9138793430755476
GW170814,C01:IMRPhenomXPHM,failing-XPHM,67598,0.2499999999889535,1.011870652451337
GW170814,C01:IMRPhenomXPHM,failing-XPHM,98023,-0.3000000000109859,0.9237257256751749
GW170814,C01:IMRPhenomXPHM,failing-XPHM,32851,-0.05000000001101346,1.0699156264166676
GW170814,C01:IMRPhenomXPHM,failing-XPHM,76685,-0.10000000001100795,1.0115686087623157
GW170814,C01:IMRPhenomXPHM,failing-XPHM,46735,-0.05000000001101346,0.9584284122945452
GW170814,C01:IMRPhenomXPHM,failing-XPHM,28602,-0.15000000001100244,0.9269124660218017
GW170814,C01:IMRPhenomXPHM,failing-XPHM,86629,-0.20000000001099694,0.9850338631691521
GW170814,C01:IMRPhenomXPHM,failing-XPHM,74000,-0.20000000001099694,0.9308760741730345
GW170814,C01:IMRPhenomXPHM,failing-XPHM,85370,-0.3500000000109804,1.0303388561007516
GW170814,C01:IMRPhenomXPHM,failing-XPHM,63178,-0.15000000001100244,1.0106382611485507
GW170814,C01:IMRPhenomXPHM,failing-XPHM,94006,0.04999999998897553,1.026349440332579
GW170814,C01:IMRPhenomXPHM,failing-XPHM,49183,-0.10000000001100795,0.9387701334066118
GW170814,C01:IMRPhenomXPHM,failing-XPHM,57593,-0.15000000001100244,0.8068880301596195
GW190706_222641,C01:IMRPhenomXPHM,failing-XPHM,23023,0.199999999988959,0.9013807937468249
GW190706_222641,C01:IMRPhenomXPHM,failing-XPHM,8791,-0.3500000000109804,0.9706219835752617
GW190706_222641,C01:IMRPhenomXPHM,failing-XPHM,21509,-1.1000000000108978,0.6891976180650439
GW190706_222641,C01:IMRPhenomXPHM,failing-XPHM,1041,0.4499999999889315,0.8306867443903259
GW190706_222641,C01:IMRPhenomXPHM,failing-XPHM,22898,-0.25000000001099143,0.9218872461807514
GW190706_222641,C01:IMRPhenomXPHM,failing-XPHM,21761,0.599999999988915,0.9243571375716567
GW190706_222641,C01:IMRPhenomXPHM,failing-XPHM,12368,0.49999999998892597,0.9341459663314619
GW190706_222641,C01:IMRPhenomXPHM,failing-XPHM,12623,-0.20000000001099694,0.9319947821167257
GW190706_222641,C01:IMRPhenomXPHM,failing-XPHM,13107,0.2499999999889535,0.9207685339370891
GW190706_222641,C01:IMRPhenomXPHM,failing-XPHM,4732,0.14999999998896452,0.885664283498407
GW190706_222641,C01:IMRPhenomXPHM,failing-XPHM,6970,-1.1018963519404679e-11,0.9885265034806325
GW190706_222641,C01:IMRPhenomXPHM,failing-XPHM,20495,0.09999999998897002,0.9630603299491813
GW190706_222641,C01:IMRPhenomXPHM,failing-XPHM,13610,-0.5000000000109639,0.9133809891667367
GW190706_222641,C01:IMRPhenomXPHM,failing-XPHM,21282,-0.7500000000109364,0.7913128389252596
GW190706_222641,C01:IMRPhenomXPHM,failing-XPHM,23275,-0.05000000001101346,0.8331676126063978
GW190706_222641,C01:IMRPhenomXPHM,failing-XPHM,7917,0.9499999999888764,0.8387259093098147
GW190706_222641,C01:IMRPhenomXPHM,failing-XPHM,13442,-0.05000000001101346,0.8768564561549965
GW190706_222641,C01:IMRPhenomXPHM,failing-XPHM,13773,-0.15000000001100244,1.0053672850852866
GW190706_222641,C01:IMRPhenomXPHM,failing-XPHM,23971,-0.10000000001100795,0.8351277982511253
GW190706_222641,C01:IMRPhenomXPHM,failing-XPHM,17321,0.04999999998897553,0.906684583145809
GW190706_222641,C01:IMRPhenomXPHM,failing-XPHM,14221,0.49999999998892597,0.8162481277077548
GW190706_222641,C01:IMRPhenomXPHM,failing-XPHM,14024,-0.9000000000109198,0.811798933115004
GW190706_222641,C01:IMRPhenomXPHM,failing-XPHM,21833,0.8499999999888874,0.9909381957808299
GW190706_222641,C01:IMRPhenomXPHM,failing-XPHM,19603,-0.4500000000109694,0.7611066991657205
GW190706_222641,C01:IMRPhenomXPHM,failing-XPHM,1755,-0.4500000000109694,0.9215062544462722
GW190706_222641,C01:IMRPhenomXPHM,failing-XPHM,19716,-0.05000000001101346,0.98958065004527
GW190706_222641,C01:IMRPhenomXPHM,failing-XPHM,3764,-0.9000000000109198,0.8404029797981151
GW190706_222641,C01:IMRPhenomXPHM,failing-XPHM,5302,-0.4000000000109749,0.8917617702793764
GW190706_222641,C01:IMRPhenomXPHM,failing-XPHM,15458,0.04999999998897553,0.8952242969353167
GW190706_222641,C01:IMRPhenomXPHM,failing-XPHM,19973,-0.3000000000109859,0.8223586528448389
GW190706_222641,C01:IMRPhenomXPHM,failing-XPHM,13530,0.04999999998897553,0.8405441324541755
GW190706_222641,C01:IMRPhenomXPHM,failing-XPHM,2768,0.4499999999889315,0.9213176146540433
GW190706_222641,C01:IMRPhenomXPHM,failing-XPHM,11794,0.49999999998892597,0.7624650314959996
GW190706_222641,C01:IMRPhenomXPHM,failing-XPHM,7696,-0.6000000000109529,0.8517872827865398
GW190706_222641,C01:IMRPhenomXPHM,failing-XPHM,20236,0.7999999999888929,0.8381384444387483
GW190706_222641,C01:IMRPhenomXPHM,failing-XPHM,12593,-0.3500000000109804,0.9415708050528951
GW190706_222641,C01:IMRPhenomXPHM,failing-XPHM,21978,-0.25000000001099143,0.8399415941735799
GW190706_222641,C01:IMRPhenomXPHM,failing-XPHM,14768,0.299999999988948,0.9021076480668969
GW190706_222641,C01:IMRPhenomXPHM,failing-XPHM,3721,-0.3500000000109804,0.9123939238350918
GW190706_222641,C01:IMRPhenomXPHM,failing-XPHM,17786,-0.9000000000109198,0.7528974220369574
GW190706_222641,C01:IMRPhenomXPHM,failing-XPHM,1482,-0.3500000000109804,0.929226021343991
GW190706_222641,C01:IMRPhenomXPHM,failing-XPHM,5959,0.2499999999889535,0.8503674150208566
GW190706_222641,C01:IMRPhenomXPHM,failing-XPHM,10256,0.14999999998896452,0.804502062300845
GW190706_222641,C01:IMRPhenomXPHM,failing-XPHM,13256,-0.3000000000109859,0.8036989844492951
GW190706_222641,C01:IMRPhenomXPHM,failing-XPHM,23607,0.14999999998896452,0.8928334719834937
GW190706_222641,C01:IMRPhenomXPHM,failing-XPHM,12001,0.6999999999889039,0.8312702789664427
GW190706_222641,C01:IMRPhenomXPHM,failing-XPHM,8111,-0.3500000000109804,0.9071571845930056
GW190706_222641,C01:IMRPhenomXPHM,failing-XPHM,14636,-0.8000000000109309,0.8022982011060171
GW190706_222641,C01:IMRPhenomXPHM,failing-XPHM,2291,-0.8500000000109253,0.9938646967854035
GW190706_222641,C01:IMRPhenomXPHM,failing-XPHM,17199,-0.3000000000109859,1.0216034418390203
GW190706_222641,C01:IMRPhenomXPHM,failing-XPHM,9155,-0.8500000000109253,0.9257320534154
GW190706_222641,C01:IMRPhenomXPHM,failing-XPHM,23945,0.04999999998897553,0.7580525832675055
GW190706_222641,C01:IMRPhenomXPHM,failing-XPHM,3053,-0.7500000000109364,0.8736593384673591
GW190706_222641,C01:IMRPhenomXPHM,failing-XPHM,6416,-0.3500000000109804,0.7374586425967526
GW190706_222641,C01:IMRPhenomXPHM,failing-XPHM,18929,0.399999999988937,0.7555152008561014
GW190706_222641,C01:IMRPhenomXPHM,failing-XPHM,22739,1.4999999999888158,0.8682568656654152
GW190706_222641,C01:IMRPhenomXPHM,failing-XPHM,23513,-0.8000000000109309,0.7921767324170729
GW190706_222641,C01:IMRPhenomXPHM,failing-XPHM,3500,0.14999999998896452,0.9326022871850904
GW190706_222641,C01:IMRPhenomXPHM,failing-XPHM,18744,0.399999999988937,0.737779018014966
GW190706_222641,C01:IMRPhenomXPHM,failing-XPHM,9551,-0.6000000000109529,0.9180102843035465
GW190706_222641,C01:IMRPhenomXPHM,failing-XPHM,22490,-1.1018963519404679e-11,0.9272360971618826
GW190706_222641,C01:IMRPhenomXPHM,failing-XPHM,9900,-1.1018963519404679e-11,0.8609952496882969
GW190706_222641,C01:IMRPhenomXPHM,failing-XPHM,15799,-1.3000000000108758,0.7831953259942012
GW190706_222641,C01:IMRPhenomXPHM,failing-XPHM,15624,0.04999999998897553,0.9629172903072609
GW190706_222641,C01:IMRPhenomXPHM,failing-XPHM,2236,-0.7500000000109364,0.8778339713776571
GW190706_222641,C01:IMRPhenomXPHM,failing-XPHM,16495,-0.25000000001099143,0.8819793296835261
GW190706_222641,C01:IMRPhenomXPHM,failing-XPHM,4655,-0.4500000000109694,0.8894374178355233
GW190706_222641,C01:IMRPhenomXPHM,failing-XPHM,13717,-0.8000000000109309,0.8829690321222632
GW190706_222641,C01:IMRPhenomXPHM,failing-XPHM,12630,0.5499999999889205,0.7218171463466133
GW190706_222641,C01:IMRPhenomXPHM,failing-XPHM,857,0.04999999998897553,0.8413487215173139
GW190706_222641,C01:IMRPhenomXPHM,failing-XPHM,19271,0.04999999998897553,0.9020814741673993
GW190706_222641,C01:IMRPhenomXPHM,failing-XPHM,20554,0.14999999998896452,0.8235312556996991
GW190706_222641,C01:IMRPhenomXPHM,failing-XPHM,23767,0.599999999988915,0.9167699022804611
GW190706_222641,C01:IMRPhenomXPHM,failing-XPHM,19836,-0.5500000000109584,0.7207894643672129
GW190706_222641,C01:IMRPhenomXPHM,failing-XPHM,17623,-0.05000000001101346,0.8444718136302446
GW190706_222641,C01:IMRPhenomXPHM,failing-XPHM,18551,0.6499999999889094,0.858436343279379
GW190706_222641,C01:IMRPhenomXPHM,failing-XPHM,20115,0.3499999999889425,0.7082347692367003
GW190706_222641,C01:IMRPhenomXPHM,failing-XPHM,2469,0.5499999999889205,0.7802644329099339
GW190706_222641,C01:IMRPhenomXPHM,failing-XPHM,17176,0.04999999998897553,0.9881063861515893
GW190706_222641,C01:IMRPhenomXPHM,failing-XPHM,22238,-0.4000000000109749,0.9150943500003339
GW190706_222641,C01:IMRPhenomXPHM,failing-XPHM,6644,0.2499999999889535,0.894907851527995
GW190706_222641,C01:IMRPhenomXPHM,failing-XPHM,2633,0.2499999999889535,0.821943681857259
GW190706_222641,C01:IMRPhenomXPHM,failing-XPHM,6839,0.3499999999889425,0.787143095345343
GW190706_222641,C01:IMRPhenomXPHM,failing-XPHM,343,-0.4500000000109694,0.9652544043221555
GW190706_222641,C01:IMRPhenomXPHM,failing-XPHM,13242,-0.9500000000109143,0.8529854849455224
GW190706_222641,C01:IMRPhenomXPHM,failing-XPHM,9309,0.199999999988959,0.8309256779340103
GW190706_222641,C01:IMRPhenomXPHM,failing-XPHM,16676,-0.25000000001099143,0.8412332363382952
GW190706_222641,C01:IMRPhenomXPHM,failing-XPHM,16458,0.04999999998897553,0.9152836300741783
GW190706_222641,C01:IMRPhenomXPHM,failing-XPHM,10830,0.399999999988937,0.9379667027938534
GW190706_222641,C01:IMRPhenomXPHM,failing-XPHM,16568,0.399999999988937,0.9096943428024398
GW190706_222641,C01:IMRPhenomXPHM,failing-XPHM,20402,-0.5000000000109639,0.7176560738151034
GW190706_222641,C01:IMRPhenomXPHM,failing-XPHM,6181,-0.6500000000109474,0.6470519242556317
GW190706_222641,C01:IMRPhenomXPHM,failing-XPHM,20557,-0.4500000000109694,0.9917415325674296
GW190706_222641,C01:IMRPhenomXPHM,failing-XPHM,21475,-1.1018963519404679e-11,0.8363593250388198
GW190706_222641,C01:IMRPhenomXPHM,failing-XPHM,15926,-0.6500000000109474,0.8178615104303387
GW190706_222641,C01:IMRPhenomXPHM,failing-XPHM,17203,-0.10000000001100795,0.8418470819582318
GW190706_222641,C01:IMRPhenomXPHM,failing-XPHM,14609,0.04999999998897553,0.8831202156553435
GW190706_222641,C01:IMRPhenomXPHM,failing-XPHM,4701,0.599999999988915,0.9118640692820951
GW190706_222641,C01:IMRPhenomXPHM,failing-XPHM,4009,-0.10000000001100795,0.9485902896995819
GW190706_222641,C01:IMRPhenomXPHM,failing-XPHM,20075,0.5499999999889205,0.9950165928618538
GW190706_222641,C01:IMRPhenomXPHM,failing-XPHM,17757,1.6999999999887938,0.9576376641538434
GW190706_222641,C01:IMRPhenomXPHM,failing-XPHM,2685,-0.8000000000109309,0.8360555260213193
GW190706_222641,C01:IMRPhenomXPHM,failing-XPHM,9474,-0.7000000000109419,0.8775558463132437
GW190706_222641,C01:IMRPhenomXPHM,failing-XPHM,2009,-0.3500000000109804,0.8643373524524691
GW190706_222641,C01:IMRPhenomXPHM,failing-XPHM,13542,-0.4500000000109694,0.8244797470832321
GW190706_222641,C01:IMRPhenomXPHM,failing-XPHM,6267,-1.1018963519404679e-11,0.9353725443335437
GW190706_222641,C01:IMRPhenomXPHM,failing-XPHM,2890,-0.20000000001099694,0.8841113134867573
GW190706_222641,C01:IMRPhenomXPHM,failing-XPHM,11943,0.5499999999889205,0.8971807289874033
GW190706_222641,C01:IMRPhenomXPHM,failing-XPHM,23941,-0.25000000001099143,0.9035639883693317
GW190706_222641,C01:IMRPhenomXPHM,failing-XPHM,6857,-1.1500000000108923,0.8275991336881651
GW190706_222641,C01:IMRPhenomXPHM,failing-XPHM,22534,-0.3000000000109859,0.8967468418865051
GW190706_222641,C01:IMRPhenomXPHM,failing-XPHM,13452,0.4499999999889315,0.8105575308730071
GW190706_222641,C01:IMRPhenomXPHM,failing-XPHM,14572,0.4499999999889315,0.9414487810643911
GW190706_222641,C01:IMRPhenomXPHM,failing-XPHM,22579,0.6999999999889039,0.9636061196756558
GW190706_222641,C01:IMRPhenomXPHM,failing-XPHM,12215,0.299999999988948,0.9315251776505012
GW190706_222641,C01:IMRPhenomXPHM,failing-XPHM,10439,-0.7500000000109364,0.8188455239172537
GW190706_222641,C01:IMRPhenomXPHM,failing-XPHM,21787,-0.8000000000109309,0.8004844830492532
GW190706_222641,C01:IMRPhenomXPHM,failing-XPHM,16600,1.3499999999888324,0.7725798963733396
GW190706_222641,C01:IMRPhenomXPHM,failing-XPHM,3620,0.6499999999889094,0.7995139873567442
GW190706_222641,C01:IMRPhenomXPHM,failing-XPHM,17637,-0.10000000001100795,0.9393807092227313
GW190706_222641,C01:IMRPhenomXPHM,failing-XPHM,12613,-0.4500000000109694,0.8905067439140044
GW190706_222641,C01:IMRPhenomXPHM,failing-XPHM,3263,-0.8500000000109253,0.8841423535965196
GW190706_222641,C01:IMRPhenomXPHM,failing-XPHM,3142,-0.10000000001100795,0.8268234384910098
GW190706_222641,C01:IMRPhenomXPHM,failing-XPHM,15819,0.8999999999888819,0.8277057692049468
GW190706_222641,C01:IMRPhenomXPHM,failing-XPHM,5658,-1.1018963519404679e-11,0.8350195741912921
GW190706_222641,C01:IMRPhenomXPHM,failing-XPHM,8316,0.7499999999888984,0.9710981821905086
GW190706_222641,C01:IMRPhenomXPHM,failing-XPHM,2034,-0.15000000001100244,0.9297356013313666
GW190706_222641,C01:IMRPhenomXPHM,failing-XPHM,3354,-0.9500000000109143,0.8096735147324975
GW190706_222641,C01:IMRPhenomXPHM,failing-XPHM,11917,0.09999999998897002,0.8697285758137866
GW190706_222641,C01:IMRPhenomXPHM,failing-XPHM,22507,0.7999999999888929,0.8070169766212443
GW190706_222641,C01:IMRPhenomXPHM,failing-XPHM,11319,0.3499999999889425,1.0395670179989458
GW190706_222641,C01:IMRPhenomXPHM,failing-XPHM,18654,-1.6500000000108372,1.0539942260178714
GW190706_222641,C01:IMRPhenomXPHM,failing-XPHM,22252,-0.8500000000109253,0.9874563756563748
GW190706_222641,C01:IMRPhenomXPHM,failing-XPHM,11841,0.04999999998897553,0.904779473850054
GW190706_222641,C01:IMRPhenomXPHM,failing-XPHM,15239,-1.6000000000108427,0.9511775158874638
GW190706_222641,C01:IMRPhenomXPHM,failing-XPHM,7295,-0.10000000001100795,0.9656557885929649
GW190706_222641,C01:IMRPhenomXPHM,failing-XPHM,15665,-0.05000000001101346,0.8081354463202188
GW190706_222641,C01:IMRPhenomXPHM,failing-XPHM,10641,-0.8000000000109309,0.8840053759393212
GW190706_222641,C01:IMRPhenomXPHM,failing-XPHM,3132,-0.3000000000109859,0.7880654034088199
GW190706_222641,C01:IMRPhenomXPHM,failing-XPHM,7217,0.2499999999889535,0.866838364736459
GW190706_222641,C01:IMRPhenomXPHM,failing-XPHM,8873,-0.05000000001101346,0.9988213886028267
GW190706_222641,C01:IMRPhenomXPHM,failing-XPHM,13355,-0.3000000000109859,0.981955522530586
GW190706_222641,C01:IMRPhenomXPHM,failing-XPHM,23739,0.14999999998896452,0.9313074682010904
GW190706_222641,C01:IMRPhenomXPHM,failing-XPHM,18676,-0.3000000000109859,0.8367052104988858
GW190706_222641,C01:IMRPhenomXPHM,failing-XPHM,13156,0.199999999988959,0.8301194668593359
GW190706_222641,C01:IMRPhenomXPHM,failing-XPHM,1129,0.04999999998897553,0.9705504478474973
GW190706_222641,C01:IMRPhenomXPHM,failing-XPHM,4179,0.7999999999888929,0.9532888343675092
GW190706_222641,C01:IMRPhenomXPHM,failing-XPHM,5991,0.04999999998897553,0.7329435210065289
GW190706_222641,C01:IMRPhenomXPHM,failing-XPHM,2793,-0.10000000001100795,0.7898906408642465
GW190706_222641,C01:IMRPhenomXPHM,failing-XPHM,23153,0.04999999998897553,1.0735562896169046
GW190706_222641,C01:IMRPhenomXPHM,failing-XPHM,10910,0.04999999998897553,0.965421017374129
GW190706_222641,C01:IMRPhenomXPHM,failing-XPHM,20963,0.04999999998897553,0.9469908708984808
GW190706_222641,C01:IMRPhenomXPHM,failing-XPHM,9381,-0.10000000001100795,0.8852398160888055
GW190706_222641,C01:IMRPhenomXPHM,failing-XPHM,23778,-0.7500000000109364,1.0139270099083575
GW190706_222641,C01:IMRPhenomXPHM,failing-XPHM,18804,0.8499999999888874,0.864434634108768
GW190706_222641,C01:IMRPhenomXPHM,failing-XPHM,827,0.8999999999888819,0.8765909136538821
GW190706_222641,C01:IMRPhenomXPHM,failing-XPHM,19443,-0.15000000001100244,1.0775251386085776
GW190706_222641,C01:IMRPhenomXPHM,failing-XPHM,10490,0.09999999998897002,0.9421948178235733
GW190706_222641,C01:IMRPhenomXPHM,failing-XPHM,5384,1.5999999999888048,0.7724871120067941
GW190706_222641,C01:IMRPhenomXPHM,failing-XPHM,23712,1.0999999999888599,0.7996410076479543
GW190706_222641,C01:IMRPhenomXPHM,failing-XPHM,9871,-0.10000000001100795,0.8349718802667497
GW190706_222641,C01:IMRPhenomXPHM,failing-XPHM,20611,0.04999999998897553,0.8040856015053718
GW190706_222641,C01:IMRPhenomXPHM,failing-XPHM,16660,0.2499999999889535,0.9268139148236436
GW190706_222641,C01:IMRPhenomXPHM,failing-XPHM,5816,-0.9000000000109198,1.0100593127612676
GW190706_222641,C01:IMRPhenomXPHM,failing-XPHM,11094,0.7999999999888929,0.8373544868974444
GW190706_222641,C01:IMRPhenomXPHM,failing-XPHM,12457,0.199999999988959,0.869037257664128
GW190706_222641,C01:IMRPhenomXPHM,failing-XPHM,13102,0.04999999998897553,0.8707720277792458
GW190706_222641,C01:IMRPhenomXPHM,failing-XPHM,21910,-0.25000000001099143,0.8109541423673182
GW190706_222641,C01:IMRPhenomXPHM,failing-XPHM,275,0.09999999998897002,1.0136247528320277
GW190706_222641,C01:IMRPhenomXPHM,failing-XPHM,790,-0.20000000001099694,0.9741422478526512
GW190706_222641,C01:IMRPhenomXPHM,failing-XPHM,7536,0.199999999988959,0.8913461492017792
GW190706_222641,C01:IMRPhenomXPHM,failing-XPHM,10099,-1.1018963519404679e-11,0.8935774183468284
GW190706_222641,C01:IMRPhenomXPHM,failing-XPHM,8774,0.9999999999888709,0.842807679712355
GW190706_222641,C01:IMRPhenomXPHM,failing-XPHM,10340,0.09999999998897002,0.802352612215811
GW190706_222641,C01:IMRPhenomXPHM,failing-XPHM,6169,-0.15000000001100244,0.8894903525838966
GW190706_222641,C01:IMRPhenomXPHM,failing-XPHM,19996,0.399999999988937,0.9601998894225541
GW190706_222641,C01:IMRPhenomXPHM,failing-XPHM,12330,0.2499999999889535,0.7816598348471162
GW190706_222641,C01:IMRPhenomXPHM,failing-XPHM,21388,-0.3000000000109859,0.9387027750749543
GW190706_222641,C01:IMRPhenomXPHM,failing-XPHM,17932,0.5499999999889205,1.0224961005149091
GW190706_222641,C01:IMRPhenomXPHM,failing-XPHM,8978,-0.9500000000109143,0.8829069368731903
GW190706_222641,C01:IMRPhenomXPHM,failing-XPHM,13471,-0.20000000001099694,0.903502935110919
GW190706_222641,C01:IMRPhenomXPHM,failing-XPHM,12660,-1.2500000000108813,0.800227603083645
GW190706_222641,C01:IMRPhenomXPHM,failing-XPHM,16337,0.3499999999889425,0.9591206947023536
GW190706_222641,C01:IMRPhenomXPHM,failing-XPHM,99,0.2499999999889535,0.8361989210061249
GW190706_222641,C01:IMRPhenomXPHM,failing-XPHM,5226,-0.3000000000109859,0.9174793924829914
GW190706_222641,C01:IMRPhenomXPHM,failing-XPHM,15224,0.7999999999888929,0.908628125010116
GW190706_222641,C01:IMRPhenomXPHM,failing-XPHM,14166,0.49999999998892597,1.0231027260759125
GW190706_222641,C01:IMRPhenomXPHM,failing-XPHM,6900,0.399999999988937,0.9239656075502497
GW190706_222641,C01:IMRPhenomXPHM,failing-XPHM,8516,-0.5000000000109639,0.9187708779458615
GW190706_222641,C01:IMRPhenomXPHM,failing-XPHM,3583,-0.3500000000109804,0.7899338185232015
GW190706_222641,C01:IMRPhenomXPHM,failing-XPHM,4932,0.299999999988948,0.8556646670525967
GW190706_222641,C01:IMRPhenomXPHM,failing-XPHM,15751,-0.9500000000109143,0.7650411126308219
GW190706_222641,C01:IMRPhenomXPHM,failing-XPHM,10870,0.199999999988959,0.9334073516211943
GW190706_222641,C01:IMRPhenomXPHM,failing-XPHM,14315,-0.3500000000109804,0.9201552276373534
GW190706_222641,C01:IMRPhenomXPHM,failing-XPHM,12086,-0.6500000000109474,0.9143196281686921
GW190706_222641,C01:IMRPhenomXPHM,failing-XPHM,8812,0.4499999999889315,0.8574120621860057
GW190706_222641,C01:IMRPhenomXPHM,failing-XPHM,5613,-0.5500000000109584,0.9472411830099466
GW190706_222641,C01:IMRPhenomXPHM,failing-XPHM,4442,0.09999999998897002,0.9296578688975738
GW190706_222641,C01:IMRPhenomXPHM,failing-XPHM,9599,0.04999999998897553,0.9519633412459674
GW190706_222641,C01:IMRPhenomXPHM,failing-XPHM,18876,-0.4500000000109694,0.9574408693337885
GW200129_065458,C01:IMRPhenomXPHM,failing-XPHM,16119,-0.20000000001099694,0.9923604849266746
GW200129_065458,C01:IMRPhenomXPHM,failing-XPHM,37705,-0.25000000001099143,1.0104387230671594
GW200129_065458,C01:IMRPhenomXPHM,failing-XPHM,49584,-0.15000000001100244,0.9642411999511825
GW200129_065458,C01:IMRPhenomXPHM,failing-XPHM,60833,-0.20000000001099694,1.0555161882853987
GW200129_065458,C01:IMRPhenomXPHM,failing-XPHM,64141,-1.1018963519404679e-11,0.9720568680662464
GW200129_065458,C01:IMRPhenomXPHM,failing-XPHM,47582,-0.20000000001099694,0.9741329813188458
GW200129_065458,C01:IMRPhenomXPHM,failing-XPHM,73106,-0.10000000001100795,0.9934958548973324
GW200129_065458,C01:IMRPhenomXPHM,failing-XPHM,40166,-0.20000000001099694,0.9838497695643854
GW200129_065458,C01:IMRPhenomXPHM,failing-XPHM,73984,0.09999999998897002,0.9831147544363722
GW200129_065458,C01:IMRPhenomXPHM,failing-XPHM,31286,-0.05000000001101346,0.9477896526839683
GW200129_065458,C01:IMRPhenomXPHM,failing-XPHM,62380,-0.15000000001100244,0.9532435348088185
GW200129_065458,C01:IMRPhenomXPHM,failing-XPHM,12462,-0.15000000001100244,0.9987906990477894
GW200129_065458,C01:IMRPhenomXPHM,failing-XPHM,87017,-0.20000000001099694,0.9530477377042259
GW200129_065458,C01:IMRPhenomXPHM,failing-XPHM,37184,-0.20000000001099694,1.055199037062151
GW200129_065458,C01:IMRPhenomXPHM,failing-XPHM,3003,-0.15000000001100244,0.9430459948903145
GW200129_065458,C01:IMRPhenomXPHM,failing-XPHM,46088,-0.10000000001100795,0.9812845704032754
GW200129_065458,C01:IMRPhenomXPHM,failing-XPHM,17886,-0.15000000001100244,0.9974152254302934
GW200129_065458,C01:IMRPhenomXPHM,failing-XPHM,72205,0.04999999998897553,0.9596735598214865
GW200129_065458,C01:IMRPhenomXPHM,failing-XPHM,34949,-1.1018963519404679e-11,0.9941362097091456
GW200129_065458,C01:IMRPhenomXPHM,failing-XPHM,10031,-0.10000000001100795,0.9832537938190498
GW200129_065458,C01:IMRPhenomXPHM,failing-XPHM,20235,-0.15000000001100244,0.955951647165788
GW200129_065458,C01:IMRPhenomXPHM,failing-XPHM,31978,-0.05000000001101346,0.993727027392498
GW200129_065458,C01:IMRPhenomXPHM,failing-XPHM,1209,0.04999999998897553,0.988003756053676
GW200129_065458,C01:IMRPhenomXPHM,failing-XPHM,30501,0.04999999998897553,0.9950582201784371
GW200129_065458,C01:IMRPhenomXPHM,failing-XPHM,84026,-0.10000000001100795,0.9815112645591703
GW200129_065458,C01:IMRPhenomXPHM,failing-XPHM,45811,-0.25000000001099143,0.9020076283554547
GW200129_065458,C01:IMRPhenomXPHM,failing-XPHM,18630,-0.15000000001100244,1.0007980657449593
GW200129_065458,C01:IMRPhenomXPHM,failing-XPHM,49598,-0.05000000001101346,1.0056133439583068
GW200129_065458,C01:IMRPhenomXPHM,failing-XPHM,10770,-1.1018963519404679e-11,0.9215463628519854
GW200129_065458,C01:IMRPhenomXPHM,failing-XPHM,57322,-0.05000000001101346,0.9676604932151126
GW200129_065458,C01:IMRPhenomXPHM,failing-XPHM,64854,-0.15000000001100244,0.968357399990251
GW200129_065458,C01:IMRPhenomXPHM,failing-XPHM,39067,-0.15000000001100244,0.9442898972609279
GW200129_065458,C01:IMRPhenomXPHM,failing-XPHM,62617,-0.05000000001101346,0.989216234155815
GW200129_065458,C01:IMRPhenomXPHM,failing-XPHM,33418,-0.05000000001101346,1.004356827936181
GW200129_065458,C01:IMRPhenomXPHM,failing-XPHM,3106,-0.15000000001100244,0.9922402836367782
GW200129_065458,C01:IMRPhenomXPHM,failing-XPHM,9554,-1.1018963519404679e-11,1.0487400093400523
GW200129_065458,C01:IMRPhenomXPHM,failing-XPHM,32351,-0.25000000001099143,0.9474772819799171
GW200129_065458,C01:IMRPhenomXPHM,failing-XPHM,74899,-0.15000000001100244,1.0009544421048262
GW200129_065458,C01:IMRPhenomXPHM,failing-XPHM,66584,-0.05000000001101346,1.0121998750106433
GW200129_065458,C01:IMRPhenomXPHM,failing-XPHM,9927,-0.10000000001100795,1.0069549820420798
GW200129_065458,C01:IMRPhenomXPHM,failing-XPHM,29570,-0.15000000001100244,1.0248382703488055
GW200129_065458,C01:IMRPhenomXPHM,failing-XPHM,64535,0.09999999998897002,1.010168190457419
GW200129_065458,C01:IMRPhenomXPHM,failing-XPHM,60330,-0.05000000001101346,0.930538458344189
GW200129_065458,C01:IMRPhenomXPHM,failing-XPHM,31209,-0.05000000001101346,0.9988801861342012
GW200129_065458,C01:IMRPhenomXPHM,failing-XPHM,61871,-0.05000000001101346,1.003240014828672
GW200129_065458,C01:IMRPhenomXPHM,failing-XPHM,13596,0.04999999998897553,0.8907890868367355
GW200129_065458,C01:IMRPhenomXPHM,failing-XPHM,71219,-0.15000000001100244,0.9688035321511743
GW200129_065458,C01:IMRPhenomXPHM,failing-XPHM,82460,-0.10000000001100795,0.9860135862421097
GW200129_065458,C01:IMRPhenomXPHM,failing-XPHM,29934,-1.1018963519404679e-11,1.0142946075812431
GW200129_065458,C01:IMRPhenomXPHM,failing-XPHM,4054,0.04999999998897553,0.9661025479607809
GW200129_065458,C01:IMRPhenomXPHM,failing-XPHM,29559,-0.05000000001101346,0.9650398868894461
GW200129_065458,C01:IMRPhenomXPHM,failing-XPHM,63133,-0.10000000001100795,0.9952963614830566
GW200129_065458,C01:IMRPhenomXPHM,failing-XPHM,67624,-0.25000000001099143,1.0553912955176774
GW200129_065458,C01:IMRPhenomXPHM,failing-XPHM,64392,-0.15000000001100244,0.9351196140395821
GW200129_065458,C01:IMRPhenomXPHM,failing-XPHM,81698,-0.05000000001101346,0.9033617342338252
GW200129_065458,C01:IMRPhenomXPHM,failing-XPHM,72163,-1.1018963519404679e-11,0.9804774819602251
GW200129_065458,C01:IMRPhenomXPHM,failing-XPHM,55784,-1.1018963519404679e-11,0.9703656306600476
GW200129_065458,C01:IMRPhenomXPHM,failing-XPHM,36373,-0.20000000001099694,1.0219022948185081
GW200129_065458,C01:IMRPhenomXPHM,failing-XPHM,42403,-1.1018963519404679e-11,0.9615371181951973
GW200129_065458,C01:IMRPhenomXPHM,failing-XPHM,67664,-1.1018963519404679e-11,0.945377750033513
GW200129_065458,C01:IMRPhenomXPHM,failing-XPHM,22758,-0.05000000001101346,0.9406188929238747
GW200129_065458,C01:IMRPhenomXPHM,failing-XPHM,70305,-1.1018963519404679e-11,0.9656694553770574
GW200129_065458,C01:IMRPhenomXPHM,failing-XPHM,68486,-0.15000000001100244,1.0000707746866486
GW200129_065458,C01:IMRPhenomXPHM,failing-XPHM,29123,-0.20000000001099694,0.981603423632084
GW200129_065458,C01:IMRPhenomXPHM,failing-XPHM,30843,-0.05000000001101346,0.9728037116347733
GW200129_065458,C01:IMRPhenomXPHM,failing-XPHM,40120,-0.15000000001100244,0.9688291320633383
GW200129_065458,C01:IMRPhenomXPHM,failing-XPHM,81015,-1.1018963519404679e-11,0.9131185768734856
GW200129_065458,C01:IMRPhenomXPHM,failing-XPHM,56509,-1.1018963519404679e-11,0.9675355802231784
GW200129_065458,C01:IMRPhenomXPHM,failing-XPHM,43346,-1.1018963519404679e-11,0.973350718586827
GW200129_065458,C01:IMRPhenomXPHM,failing-XPHM,61295,-0.05000000001101346,1.0371371623668808
GW200129_065458,C01:IMRPhenomXPHM,failing-XPHM,10762,-0.15000000001100244,1.0026819274554701
GW200129_065458,C01:IMRPhenomXPHM,failing-XPHM,9279,-0.05000000001101346,1.0053086162232685
GW200129_065458,C01:IMRPhenomXPHM,failing-XPHM,64826,-0.10000000001100795,1.0278821627304797
GW200129_065458,C01:IMRPhenomXPHM,failing-XPHM,64453,-0.20000000001099694,0.9353107404789811
GW200129_065458,C01:IMRPhenomXPHM,failing-XPHM,20671,-0.05000000001101346,0.9754773326290761
GW200129_065458,C01:IMRPhenomXPHM,failing-XPHM,32014,-0.15000000001100244,0.9660891559578921
GW200129_065458,C01:IMRPhenomXPHM,failing-XPHM,54581,-0.20000000001099694,0.9768287828873181
GW200129_065458,C01:IMRPhenomXPHM,failing-XPHM,9349,-0.10000000001100795,0.9673732670332714
GW200129_065458,C01:IMRPhenomXPHM,failing-XPHM,3873,-0.25000000001099143,0.9677175788834916
GW200129_065458,C01:IMRPhenomXPHM,failing-XPHM,24863,-0.10000000001100795,0.9764039803314156
GW200129_065458,C01:IMRPhenomXPHM,failing-XPHM,44202,-0.05000000001101346,0.9345673831304135
GW200129_065458,C01:IMRPhenomXPHM,failing-XPHM,26576,0.04999999998897553,0.9825840432625699
GW200129_065458,C01:IMRPhenomXPHM,failing-XPHM,25815,-0.10000000001100795,0.9294903561760309
GW200129_065458,C01:IMRPhenomXPHM,failing-XPHM,48658,-0.10000000001100795,0.9403637276743562
GW200129_065458,C01:IMRPhenomXPHM,failing-XPHM,34691,0.09999999998897002,0.981027448664868
GW200129_065458,C01:IMRPhenomXPHM,failing-XPHM,59584,-0.15000000001100244,1.039717681821527
GW200129_065458,C01:IMRPhenomXPHM,failing-XPHM,71063,0.04999999998897553,0.9491309895463872
GW200129_065458,C01:IMRPhenomXPHM,failing-XPHM,83050,-1.1018963519404679e-11,1.019035158856831
GW200129_065458,C01:IMRPhenomXPHM,failing-XPHM,8088,-0.05000000001101346,0.9806460582252445
GW200129_065458,C01:IMRPhenomXPHM,failing-XPHM,78991,-0.25000000001099143,0.9964456161919305
GW200129_065458,C01:IMRPhenomXPHM,failing-XPHM,79316,-0.15000000001100244,0.9662259244643295
GW200129_065458,C01:IMRPhenomXPHM,failing-XPHM,17684,-0.20000000001099694,0.9305866965769437
GW200129_065458,C01:IMRPhenomXPHM,failing-XPHM,15467,-1.1018963519404679e-11,1.001782657574375
GW200129_065458,C01:IMRPhenomXPHM,failing-XPHM,56516,-1.1018963519404679e-11,0.996903358911837
GW200129_065458,C01:IMRPhenomXPHM,failing-XPHM,4542,-0.15000000001100244,0.9728796222329528
GW200129_065458,C01:IMRPhenomXPHM,failing-XPHM,47304,0.14999999998896452,1.0418596500560677
GW200129_065458,C01:IMRPhenomXPHM,failing-XPHM,16671,-0.10000000001100795,0.9943238071567139
GW200129_065458,C01:IMRPhenomXPHM,failing-XPHM,84585,-0.20000000001099694,0.9742969832065893
GW200129_065458,C01:IMRPhenomXPHM,failing-XPHM,33197,-0.15000000001100244,0.9696214155346419
GW200129_065458,C01:IMRPhenomXPHM,failing-XPHM,37495,-1.1018963519404679e-11,0.9902838972793211
GW200129_065458,C01:IMRPhenomXPHM,failing-XPHM,60376,-0.10000000001100795,0.9430933577926414
GW200129_065458,C01:IMRPhenomXPHM,failing-XPHM,7408,-0.15000000001100244,0.9414821386537959
GW200129_065458,C01:IMRPhenomXPHM,failing-XPHM,46819,-0.10000000001100795,0.9800987691398328
GW200129_065458,C01:IMRPhenomXPHM,failing-XPHM,37592,-0.05000000001101346,0.9902263001509395
GW200129_065458,C01:IMRPhenomXPHM,failing-XPHM,77939,-1.1018963519404679e-11,1.003112510295091
GW200129_065458,C01:IMRPhenomXPHM,failing-XPHM,16654,-0.25000000001099143,0.9791155895387076
GW200129_065458,C01:IMRPhenomXPHM,failing-XPHM,79948,-0.05000000001101346,0.9215751467164124
GW200129_065458,C01:IMRPhenomXPHM,failing-XPHM,8990,-0.05000000001101346,1.0217304483208292
GW200129_065458,C01:IMRPhenomXPHM,failing-XPHM,51509,-0.15000000001100244,0.9734445466679411
GW200129_065458,C01:IMRPhenomXPHM,failing-XPHM,46053,-0.05000000001101346,1.0303991812155544
GW200129_065458,C01:IMRPhenomXPHM,failing-XPHM,37513,0.09999999998897002,0.9376887851815969
GW200129_065458,C01:IMRPhenomXPHM,failing-XPHM,33415,-0.20000000001099694,0.9537741830304844
GW200129_065458,C01:IMRPhenomXPHM,failing-XPHM,32644,-0.10000000001100795,1.0487609870717922
GW200129_065458,C01:IMRPhenomXPHM,failing-XPHM,51759,-0.10000000001100795,0.977164573169803
GW200129_065458,C01:IMRPhenomXPHM,failing-XPHM,17228,-0.15000000001100244,0.9749562551568406
GW200129_065458,C01:IMRPhenomXPHM,failing-XPHM,54575,-0.05000000001101346,0.9905172931359184
GW200129_065458,C01:IMRPhenomXPHM,failing-XPHM,22646,-0.20000000001099694,0.9963582965744197
GW200129_065458,C01:IMRPhenomXPHM,failing-XPHM,87016,-0.15000000001100244,1.0065994141915124
GW200129_065458,C01:IMRPhenomXPHM,failing-XPHM,68005,-0.10000000001100795,0.9762091056640434
GW200129_065458,C01:IMRPhenomXPHM,failing-XPHM,27828,-0.05000000001101346,0.97858824929372
GW200129_065458,C01:IMRPhenomXPHM,failing-XPHM,83413,-0.10000000001100795,0.9793875217482452
GW200129_065458,C01:IMRPhenomXPHM,failing-XPHM,16695,-0.20000000001099694,1.014532925463938
GW200129_065458,C01:IMRPhenomXPHM,failing-XPHM,86419,-0.3000000000109859,0.9714445953554053
GW200129_065458,C01:IMRPhenomXPHM,failing-XPHM,31194,0.04999999998897553,0.9978958593845451
GW200129_065458,C01:IMRPhenomXPHM,failing-XPHM,1584,-0.15000000001100244,0.9878495049852937
GW200129_065458,C01:IMRPhenomXPHM,failing-XPHM,48346,-0.05000000001101346,0.9877708616869787
GW200129_065458,C01:IMRPhenomXPHM,failing-XPHM,80125,-1.1018963519404679e-11,0.992646669079828
GW200129_065458,C01:IMRPhenomXPHM,failing-XPHM,10816,-0.3000000000109859,0.987138281255412
GW200129_065458,C01:IMRPhenomXPHM,failing-XPHM,10407,-0.15000000001100244,1.0014167420005715
GW200129_065458,C01:IMRPhenomXPHM,failing-XPHM,15383,-1.1018963519404679e-11,1.068587857512931
GW200129_065458,C01:IMRPhenomXPHM,failing-XPHM,20525,-0.3000000000109859,0.9921909519125035
GW200129_065458,C01:IMRPhenomXPHM,failing-XPHM,51501,-0.05000000001101346,1.0072264636237918
GW200129_065458,C01:IMRPhenomXPHM,failing-XPHM,6820,-0.15000000001100244,0.9959889956538672
GW200129_065458,C01:IMRPhenomXPHM,failing-XPHM,83380,-1.1018963519404679e-11,0.973677369507862
GW200129_065458,C01:IMRPhenomXPHM,failing-XPHM,30082,-0.20000000001099694,0.9703544121314246
GW200129_065458,C01:IMRPhenomXPHM,failing-XPHM,34841,-0.10000000001100795,0.9847951556018717
GW200129_065458,C01:IMRPhenomXPHM,failing-XPHM,68148,-0.05000000001101346,0.9751084338056388
GW200129_065458,C01:IMRPhenomXPHM,failing-XPHM,57249,-0.10000000001100795,0.9909748638486143
GW200129_065458,C01:IMRPhenomXPHM,failing-XPHM,32083,-0.25000000001099143,1.0464259521621253
GW200129_065458,C01:IMRPhenomXPHM,failing-XPHM,16398,-0.15000000001100244,0.9206490291008653
GW200129_065458,C01:IMRPhenomXPHM,failing-XPHM,35931,-0.10000000001100795,0.9641081083169817
GW200129_065458,C01:IMRPhenomXPHM,failing-XPHM,38826,-0.05000000001101346,0.9689936412999292
GW200129_065458,C01:IMRPhenomXPHM,failing-XPHM,15938,-1.1018963519404679e-11,1.0341092043155062
GW200129_065458,C01:IMRPhenomXPHM,failing-XPHM,54829,-0.20000000001099694,0.9656379607850366
GW200129_065458,C01:IMRPhenomXPHM,failing-XPHM,78951,-0.10000000001100795,0.9712030794519586
GW200129_065458,C01:IMRPhenomXPHM,failing-XPHM,54999,-0.15000000001100244,0.9826809925202837
GW200129_065458,C01:IMRPhenomXPHM,failing-XPHM,22788,-0.15000000001100244,1.03117250742768
GW200129_065458,C01:IMRPhenomXPHM,failing-XPHM,30218,0.09999999998897002,0.9825923769949569
GW200129_065458,C01:IMRPhenomXPHM,failing-XPHM,19290,-0.05000000001101346,0.9027655216969307
GW200129_065458,C01:IMRPhenomXPHM,failing-XPHM,62606,-0.05000000001101346,0.9874291429685186
GW200129_065458,C01:IMRPhenomXPHM,failing-XPHM,46871,-0.15000000001100244,0.9947094992301703
GW200129_065458,C01:IMRPhenomXPHM,failing-XPHM,36842,-1.1018963519404679e-11,0.9438852487284003
GW200129_065458,C01:IMRPhenomXPHM,failing-XPHM,41316,-0.15000000001100244,1.037195679223929
GW200129_065458,C01:IMRPhenomXPHM,failing-XPHM,10278,-0.05000000001101346,0.9920915144881922
GW200129_065458,C01:IMRPhenomXPHM,failing-XPHM,82822,-0.15000000001100244,1.007355061141093
GW200129_065458,C01:IMRPhenomXPHM,failing-XPHM,81416,-0.15000000001100244,0.9736153361055964
GW200129_065458,C01:IMRPhenomXPHM,failing-XPHM,47330,-0.05000000001101346,0.9161245268855641
GW200129_065458,C01:IMRPhenomXPHM,failing-XPHM,4901,-0.05000000001101346,0.9363329510890124
GW200129_065458,C01:IMRPhenomXPHM,failing-XPHM,41100,-0.20000000001099694,0.9881462819588651
GW200129_065458,C01:IMRPhenomXPHM,failing-XPHM,78383,-0.15000000001100244,0.9938793353448547
GW200129_065458,C01:IMRPhenomXPHM,failing-XPHM,85432,-0.05000000001101346,0.9701353643735425
GW200129_065458,C01:IMRPhenomXPHM,failing-XPHM,23682,-0.10000000001100795,0.9457169212241966
GW200129_065458,C01:IMRPhenomXPHM,failing-XPHM,19439,-0.20000000001099694,1.013570729143079
GW200129_065458,C01:IMRPhenomXPHM,failing-XPHM,56600,-0.05000000001101346,0.96709511398603
GW200129_065458,C01:IMRPhenomXPHM,failing-XPHM,29017,-1.1018963519404679e-11,1.0207018100603173
GW200129_065458,C01:IMRPhenomXPHM,failing-XPHM,27909,-0.10000000001100795,0.985905222096058
GW200129_065458,C01:IMRPhenomXPHM,failing-XPHM,31817,-0.05000000001101346,1.0055086270330937
GW200129_065458,C01:IMRPhenomXPHM,failing-XPHM,86599,0.04999999998897553,1.0155239309465625
GW200129_065458,C01:IMRPhenomXPHM,failing-XPHM,5692,-0.20000000001099694,0.9847946764717408
GW200129_065458,C01:IMRPhenomXPHM,failing-XPHM,64670,-1.1018963519404679e-11,1.0020532465421057
GW200129_065458,C01:IMRPhenomXPHM,failing-XPHM,8510,-0.10000000001100795,0.9589376187986601
GW200129_065458,C01:IMRPhenomXPHM,failing-XPHM,66066,-0.25000000001099143,0.947415386963173
GW200129_065458,C01:IMRPhenomXPHM,failing-XPHM,12543,-1.1018963519404679e-11,0.8680454407977738
GW200129_065458,C01:IMRPhenomXPHM,failing-XPHM,11067,0.09999999998897002,1.0025972246242916
GW200129_065458,C01:IMRPhenomXPHM,failing-XPHM,59654,-0.05000000001101346,0.9804394876949387
GW200129_065458,C01:IMRPhenomXPHM,failing-XPHM,84574,0.09999999998897002,1.0108805978421274
GW200129_065458,C01:IMRPhenomXPHM,failing-XPHM,37049,-0.20000000001099694,1.1161697950653962
GW200129_065458,C01:IMRPhenomXPHM,failing-XPHM,70790,-0.05000000001101346,0.912132157965195
GW200129_065458,C01:IMRPhenomXPHM,failing-XPHM,1536,-0.05000000001101346,0.9934083907843916
GW200129_065458,C01:IMRPhenomXPHM,failing-XPHM,84526,-0.25000000001099143,0.9592255252802384
GW200129_065458,C01:IMRPhenomXPHM,failing-XPHM,67519,-0.15000000001100244,0.9988912549506863
GW200129_065458,C01:IMRPhenomXPHM,failing-XPHM,44992,0.09999999998897002,0.984517428499371
GW200129_065458,C01:IMRPhenomXPHM,failing-XPHM,15442,-0.10000000001100795,0.9732472538100368
GW200129_065458,C01:IMRPhenomXPHM,failing-XPHM,41141,-0.3500000000109804,1.0352635203256633
GW200129_065458,C01:IMRPhenomXPHM,failing-XPHM,75483,-0.05000000001101346,0.908801793536845
GW200129_065458,C01:IMRPhenomXPHM,failing-XPHM,69723,-0.10000000001100795,1.0059416347187056
GW200129_065458,C01:IMRPhenomXPHM,failing-XPHM,10255,-0.25000000001099143,1.0369305675853144
GW200129_065458,C01:IMRPhenomXPHM,failing-XPHM,29899,-0.20000000001099694,1.021158562668202
GW200129_065458,C01:IMRPhenomXPHM,failing-XPHM,86168,0.04999999998897553,1.0074397792800338
GW200129_065458,C01:IMRPhenomXPHM,failing-XPHM,82495,-0.15000000001100244,1.0199060728795426
GW200129_065458,C01:IMRPhenomXPHM,failing-XPHM,12120,-0.10000000001100795,0.9772108519209938
GW200129_065458,C01:IMRPhenomXPHM,failing-XPHM,51695,0.09999999998897002,0.9496218304096602
GW200129_065458,C01:IMRPhenomXPHM,failing-XPHM,75115,-0.10000000001100795,0.9557513097869853
GW200129_065458,C01:IMRPhenomXPHM,failing-XPHM,59206,-0.20000000001099694,1.045225924115382
GW200129_065458,C01:IMRPhenomXPHM,failing-XPHM,4383,-0.10000000001100795,1.0077656438679252
GW200129_065458,C01:IMRPhenomXPHM,failing-XPHM,42918,0.14999999998896452,0.924358259403673
GW200129_065458,C01:IMRPhenomXPHM,failing-XPHM,4671,-0.05000000001101346,0.9627723578092441
GW200129_065458,C01:IMRPhenomXPHM,failing-XPHM,25016,-0.10000000001100795,1.0175098562770308
GW200129_065458,C01:IMRPhenomXPHM,failing-XPHM,55878,-0.10000000001100795,0.9873587063537786
GW200129_065458,C01:IMRPhenomXPHM,failing-XPHM,6380,-0.05000000001101346,0.9885323245834645
