event,label,status,code_sha256,event,label,ifos,k_A,k_B,s2,s3,s4,sigma3_m2,sigma3_m2_zmaxL,z,z_med,cos_AB,rho23,rho34,rho24,null_mean_z,null_std_z,ab_median_over_sigma,inj_lambda,inj_ratio_mean,inj_ratio_std,inj_max_dpsi,f3_inj_shape_correct,f2_inj_mean_z3,f2_inj_shape_correct,f4_inj_mean_z3,f4_inj_shape_correct,resp_0.1sig,wphase_0.1sig,resp_0.3sig,wphase_0.3sig,resp_1sig,wphase_1sig,resp_3sig,wphase_3sig,resp_1e-12,wphase_1e-12,resp_1e-11,wphase_1e-11,scan_dchi2_at_pm1,scan_min_dchi2_far_from_0,scan_+0sig_mean,scan_+0sig_std,scan_+0sig_cover90,scan_+0sig_width,scan_+1sig_mean,scan_+1sig_std,scan_+1sig_cover90,scan_+1sig_width,scan_+3sig_mean,scan_+3sig_std,scan_+3sig_cover90,scan_+3sig_width,scan_-1sig_mean,scan_-1sig_std,scan_-1sig_cover90,scan_-1sig_width,noise_frac_abs_ge1,ab_scan_disagree,ab_scan_median_diff,leak_n,leak_mean,leak_std,leak_frac_abs_ge1,cal_source,fails,seconds,error
GW150914,C01:IMRPhenomXPHM,official,22a5127d30e414a39bc13eea3317735cc364693be1b1686e71d251275cc466c9,GW150914,C01:IMRPhenomXPHM,"H1,L1",18,18,0.04216595830543798,0.11615947827961536,0.2338731220921427,9.474792174667705e-10,,0.10663071405908031,0.0960905450185558,0.9276448838531229,0.9743328280994454,0.9653773351987909,0.8835517716930797,-0.017432327404476505,0.9870862472588866,0.29984490318486123,4.7373960873338525e-09,1.0075990354299302,0.21364482083832775,220.98878014597958,0.47,4.918235700040778,0.71,4.699713709517532,0.81,0.9144110228212725,0.036047642800774514,0.5051031124433295,0.10814292840232352,0.046624085406988806,0.36047642800774515,-1.025594649417572,1.0814292840232353,0.9997955854882568,0.000380458400946813,0.9972511681921699,0.003804584009468129,0.6688905661770882,6.086997528529558,0.10599999999999998,0.9265333237396267,0.9,2.5,0.24999999999999997,1.1193078218256136,0.82,2.75,2.9825,0.3121197686786276,0.92,0.6500000000000004,-0.2275,1.2662814655517942,0.78,3.2,0.24,0.06,0.050000000000000044,60,0.07333333333333333,0.9419601312629368,0.21666666666666667,C01:IMRPhenomXPHM,0,62,
GW150914,C01:SEOBNRv4PHM,official,22a5127d30e414a39bc13eea3317735cc364693be1b1686e71d251275cc466c9,GW150914,C01:SEOBNRv4PHM,"H1,L1",9,9,0.053186705821401566,0.126186480980858,0.22772060278690795,6.816981610954708e-10,,0.08551694939327725,0.10338884359088357,0.9479290568946923,0.9769487534114387,0.9754255920440518,0.9082478003434123,-0.09991550679737912,1.0063920449610364,0.23307072164144702,3.4084908054773538e-09,0.9915675877728505,0.18850266587802975,171.96030741516634,0.35,4.8137732810298886,0.74,4.889874112270147,0.705,0.990692617198037,0.026297977827195014,0.8843828160508856,0.07889393348158504,0.34768809979256227,0.2629797782719501,-0.28091504132547956,0.7889393348158503,1.0001130879923654,0.00038577158232222395,1.000791069479629,0.0038577158232222402,1.5757562496243955,7.179278648172524,0.281,1.2473928811725679,0.8,2.025,0.398,1.4561922949940371,0.71,2.35,2.8545,0.9379790775918191,0.87,1.075,0.061,1.6142735208136196,0.69,2.125,0.34,0.01,0.049999999999999996,60,-0.04166666666666667,1.8528394126013428,0.48333333333333334,C01:IMRPhenomXPHM,0,75,
GW170104,C01:IMRPhenomXPHM,official,22a5127d30e414a39bc13eea3317735cc364693be1b1686e71d251275cc466c9,GW170104,C01:IMRPhenomXPHM,"H1,L1",27,27,0.03935470405631929,0.11159322548805083,0.23248735382600139,5.460012117211576e-10,,0.19705348988737098,0.2108565171034194,0.7955389202841426,0.9764515676743097,0.978626187379924,0.9138903551623323,-0.03975632188666106,0.9693016043408298,0.3875351553823917,2.730006058605788e-09,1.0175803069669787,0.2018134034542779,301.98651466295365,0.4,4.789858578181727,0.73,4.9370602439645035,0.69,0.6755339476770862,0.06617855229828634,-0.0016790943613261852,0.19853565689485903,-0.3308580709814665,0.6617855229828634,-0.3491010447271615,1.9853565689485908,0.999449885228933,0.0012120587075195664,0.9837486937131165,0.012120587075195663,1.1379320809018987,5.018171720847964,-0.386,1.2766181888097943,0.73,2.45,0.209,1.517685408772187,0.62,2.875,2.7540000000000004,0.9277844577271166,0.85,0.5,-0.43150000000000005,1.525969445958863,0.8,3.175,0.34,0.19,0.2250000000000001,60,-0.19666666666666663,1.2097818903514064,0.4,C01:IMRPhenomXPHM,0,126,
GW170104,C01:SEOBNRv4PHM,official,22a5127d30e414a39bc13eea3317735cc364693be1b1686e71d251275cc466c9,GW170104,C01:SEOBNRv4PHM,"H1,L1",23,24,0.09330721440754201,0.25843474022852003,0.48949411939001136,2.850777085351315e-10,,0.17035257381623164,0.22325646491451667,0.9448402905116066,0.9580318891051408,0.9609324389802505,0.8454941590040068,0.020860427167634185,1.130272287481887,0.22287835798285188,1.4253885426756574e-09,1.0079608055578049,0.21786161304450663,168.27440453806915,0.52,4.760139330902854,0.785,5.017440032092486,0.76,0.8746160666259042,0.032799781179094246,0.3554092355016295,0.09839934353728272,0.13872145055070761,0.32799781179094245,-0.1627805485767935,0.9839934353728271,1.000748900722592,0.0011505558027541168,0.9890513035855157,0.01150555802754117,0.9425100190363207,1.4617731481258418,2.021,2.792885425505314,0.66,4.8,1.5094999999999998,2.9988972556591524,0.63,4.425,2.9100000000000006,1.7775826281779423,0.86,1.8749999999999996,1.3729999999999998,2.8172186638598005,0.63,4.475,0.71,0.25,0.050000000000000044,60,2.2616666666666663,2.621265067778449,0.7,C01:IMRPhenomXPHM,0,130,
GW170809,C01:IMRPhenomXPHM,official,22a5127d30e414a39bc13eea3317735cc364693be1b1686e71d251275cc466c9,GW170809,C01:IMRPhenomXPHM,"H1,L1",24,24,0.038578375781143835,0.10871397670774077,0.2076724900947769,9.573537940341298e-10,,0.222542074911028,0.21423000697878825,0.8309422967850989,0.9790680620537658,0.9888944344072499,0.9403364605630268,0.16286411298046133,1.0334798744213785,0.35852284429092224,4.786768970170649e-09,0.9954054324987875,0.207522665982106,539.1384057933091,0.305,4.883649834109478,0.64,4.839582553181203,0.64,0.7626556750425575,0.07520037853798801,-0.30744939185488074,0.225601135613964,-1.080273014577395,0.7520037853798801,0.3735615287628378,2.2560113561396404,0.99949115550345,0.0007855024861927597,0.9929755528944239,0.007855024861927596,1.134922260049767,4.596334707830891,-0.7259999999999998,1.4593916540805623,0.7,2.3,-0.007000000000000017,1.7111110425685412,0.64,2.8,3.0025,0.14428704030508077,0.87,0.3500000000000001,-0.7995000000000002,1.3941932254892073,0.71,2.125,0.5,0.15,0.050000000000000044,60,-0.6716666666666666,1.5514070674355227,0.48333333333333334,C01:IMRPhenomXPHM,0,77,
GW170809,C01:SEOBNRv4PHM,official,22a5127d30e414a39bc13eea3317735cc364693be1b1686e71d251275cc466c9,GW170809,C01:SEOBNRv4PHM,"H1,L1",10,9,0.06105043274616873,0.19103463048629762,0.4108792375876744,5.152690608719696e-10,,0.12758086033604543,0.20452585984113536,0.8772968332227107,0.9605746383131768,0.9763915368948052,0.8817975901456241,0.05415120642550934,0.9950012836062083,0.30312955704562905,2.576345304359848e-09,1.0104308644090045,0.20223580234782526,275.3066261412278,0.435,4.766944780769856,0.76,4.860259763724125,0.68,0.6757385711077961,0.04093209147823141,-0.1853702849563674,0.12279627443469421,-0.2755124182631344,0.40932091478231397,-0.006316661324869263,1.227962744346942,0.9992735559726561,0.0007943828688057387,0.9811186880876892,0.007943828688057387,0.9060086188536286,2.1280925073704227,-0.2495,2.030966457133155,0.64,3.425,-0.14949999999999997,1.9712241754808102,0.69,3.4000000000000004,1.6750000000000003,2.484486868550526,0.73,1.1999999999999997,-0.35400000000000004,1.8931413048158872,0.75,3.525,0.58,0.13,0.050000000000000044,60,0.4066666666666668,2.1474493914616213,0.6166666666666667,C01:IMRPhenomXPHM,0,78,
GW170814,C01:IMRPhenomXPHM,official,22a5127d30e414a39bc13eea3317735cc364693be1b1686e71d251275cc466c9,GW170814,C01:IMRPhenomXPHM,"H1,L1,V1",29,30,0.05633622603455676,0.1747135353849418,0.3663659703992492,6.256644363074344e-10,,0.13222644519033316,0.12200761132272814,0.906924916033966,0.9790290990928153,0.9838411143172682,0.9309990206315302,0.005202949880334269,1.0368038630036003,0.27575066177296653,3.128322181537172e-09,0.9849598369574963,0.18894262100422454,188.68997591174747,0.385,4.934314381030895,0.75,4.869697233206711,0.65,0.8425660131957596,0.03389814529658174,0.11089344985159566,0.10169443588974522,-0.4347513774732358,0.3389814529658175,-0.4387979219486401,1.0169443588974523,0.9997536351692502,0.0005417943442117768,0.9940420152391487,0.0054179434421177675,0.6722571832033684,2.0841010068010006,-0.40449999999999997,1.8516491973373357,0.83,3.525,-0.19150000000000003,1.9782701408048395,0.72,3.825,2.7765,0.8205929258773805,0.84,0.9500000000000002,-0.636,1.8878040152515834,0.71,3.65,0.41,0.17,0.10000000000000009,60,-0.3458333333333333,2.3801486589893686,0.5666666666666667,C01:IMRPhenomXPHM,0,150,
GW170814,C01:SEOBNRv4PHM,official,22a5127d30e414a39bc13eea3317735cc364693be1b1686e71d251275cc466c9,GW170814,C01:SEOBNRv4PHM,"H1,L1,V1",13,13,0.09203217769558787,0.25329184797934184,0.4999479821619577,4.0030876042057817e-10,,0.13221114645513932,0.12744939883539863,0.9214706109875619,0.9596488952281178,0.9643334941042335,0.8565711962520979,-0.028765776696536634,1.0991199777632492,0.2770134633377893,2.001543802102891e-09,1.0193304984097147,0.20080072137750274,126.58727508222975,0.44,4.792246123223018,0.735,4.8546615629778636,0.78,0.9051247780625797,0.025582641729447835,0.4852330286667927,0.07674792518834347,0.10167559247356982,0.25582641729447825,-0.2398422329903746,0.7674792518834348,0.9999336526848024,0.0006390727423144531,0.9936182563259202,0.006390727423144531,0.7734321177238741,2.84808186957664,-0.3955,1.550372455250673,0.84,3.45,-0.38599999999999995,1.727716411914872,0.83,4.050000000000001,2.4635000000000002,1.493918588812657,0.85,1.5,-0.675,1.5453721234705897,0.87,4.15,0.36,0.16,0.04999999999999999,60,-0.5241666666666667,2.1011403980272765,0.4166666666666667,C01:IMRPhenomXPHM,0,90,
GW170818,C01:IMRPhenomXPHM,official,22a5127d30e414a39bc13eea3317735cc364693be1b1686e71d251275cc466c9,GW170818,C01:IMRPhenomXPHM,"H1,L1,V1",28,27,0.03176241364470769,0.09164275506053199,0.18901281848610413,1.2231148929830077e-09,,0.2356947663054621,0.22154023615928592,0.8545684859214151,0.9751126265064444,0.981949074706618,0.9198700697691822,-0.08643634518738066,1.0600624920339003,0.34212713036153897,6.115574464915038e-09,1.0009814319835244,0.19541486822125467,715.6425985110303,0.45,4.828190887870754,0.705,4.908716316365299,0.7,0.36574198927258006,0.09912563985824692,-0.7051885752573247,0.2973769195747407,-0.9057939292280532,0.9912563985824691,0.1143038157644477,2.973769195747407,0.9976063340223953,0.000810436046743681,0.9733183801702163,0.008104360467436811,1.6583048198482202,6.866167846400797,-0.25700000000000006,1.2981144017381518,0.78,2.25,0.4095,1.2349027289628927,0.79,1.5,2.9974999999999996,0.1414876319683102,0.88,0.2999999999999998,-0.529,1.1441630128613667,0.79,2.1750000000000003,0.33,0.19,0.050000000000000044,60,-0.41333333333333333,1.097568018646478,0.4,C01:IMRPhenomXPHM,0,105,
GW170818,C01:SEOBNRv4PHM,official,22a5127d30e414a39bc13eea3317735cc364693be1b1686e71d251275cc466c9,GW170818,C01:SEOBNRv4PHM,"H1,L1,V1",7,7,0.10076420052965472,0.2927693297053679,0.5496163591636529,4.638691841011173e-10,,0.13611882125042707,0.20413351037926958,0.972203580977167,0.9661100277002317,0.9799885254413423,0.9025358669566844,0.015503449320097977,0.9693010144095404,0.15114146970388997,2.3193459205055867e-09,0.993763902005374,0.22405622527484867,247.30564031071134,0.41,4.849450495505077,0.745,4.905395138537352,0.68,0.9300516171201699,0.024365066401676568,0.5138812665570117,0.0730951992050297,-0.13609695899503127,0.2436506640167657,-0.07052897847441286,0.730951992050297,0.9999632182999623,0.0005252572759040037,0.9965683429803326,0.005252572759040036,0.9021215971750184,4.621876276254242,0.20649999999999996,1.3212239590622024,0.83,2.5,0.55,1.4733465308609512,0.78,2.75,2.6719999999999997,1.4096332856455966,0.8,1.6500000000000001,-0.08550000000000002,1.4711440276193217,0.78,2.9000000000000004,0.32,0.11,0.05,60,0.5633333333333332,1.9446907780473024,0.36666666666666664,C01:IMRPhenomXPHM,0,95,
GW170823,C01:IMRPhenomXPHM,official,22a5127d30e414a39bc13eea3317735cc364693be1b1686e71d251275cc466c9,GW170823,C01:IMRPhenomXPHM,"H1,L1",25,25,0.019194847424440994,0.0656710461455566,0.15928141575745064,1.1798426580353534e-09,,0.3981185473001586,0.35680840599246677,0.9087937156337507,0.9839574048481907,0.9841906420971478,0.9405042449842732,-0.08112062421718463,0.9900019217071211,0.26039952018579404,5.899213290176767e-09,0.9971754174964095,0.20200144551611,1205.9947957760683,0.265,4.958876720375381,0.685,4.890230688921792,0.675,-0.028680944923454913,0.11007078182791225,-0.7359243489354883,0.3302123454837367,-0.1542892332124154,1.1007078182791223,0.25359940600193664,3.3021234548373672,0.9981996088340528,0.0009329276330048918,0.974336440354518,0.00932927633004892,1.472517546610666,7.339647007925654,0.07650000000000004,1.149314034544084,0.72,2.0,0.6550000000000001,1.2769788565203417,0.67,1.7999999999999998,2.9305000000000008,0.562534221181254,0.91,0.25,-0.21199999999999997,1.204826128534736,0.73,2.225,0.42,0.15,0.050000000000000044,60,0.16666666666666669,1.125450527072998,0.4666666666666667,C01:IMRPhenomXPHM,0,55,
GW170823,C01:SEOBNRv4PHM,official,22a5127d30e414a39bc13eea3317735cc364693be1b1686e71d251275cc466c9,GW170823,C01:SEOBNRv4PHM,"H1,L1",21,22,0.027586524466882853,0.07569944288096546,0.15655381602155294,1.203577723130508e-09,,0.3764052027926784,0.3585429498170507,0.8549856659352285,0.9673782459777729,0.9713255053160578,0.8838014284945989,-0.024123139581766005,1.0024595119074318,0.3630114306154792,6.017888615652539e-09,1.0086395088391091,0.201233316609377,1237.4511013383656,0.47,4.775128223274467,0.74,4.96396657883474,0.745,0.5370728509154027,0.10186803033883382,-0.149582282371137,0.3056040910165015,-0.20656655854611936,1.018680303388338,-1.0760767683853398,3.056040910165015,0.999263768766262,0.0008463768345086588,0.9892008008482192,0.00846376834508659,1.5337931412167332,3.937983409412906,-1.8729999999999998,2.542512733498104,0.59,3.6500000000000004,-1.182,2.890791587091674,0.73,3.35,2.996000000000001,0.07505997601918078,0.94,0.20000000000000018,-2.3795,2.640180817671396,0.6,4.075,0.69,0.28,1.725,60,-1.5150000000000001,2.601526795300534,0.8166666666666667,C01:IMRPhenomXPHM,0,50,
GW190408_181802,C01:IMRPhenomXPHM,official,22a5127d30e414a39bc13eea3317735cc364693be1b1686e71d251275cc466c9,GW190408_181802,C01:IMRPhenomXPHM,"H1,L1,V1",40,40,0.050773716108549784,0.1543759003555655,0.30969462857082064,2.2839660628375436e-10,,0.2654645355081052,0.2852455986600849,0.808493787952281,0.9794990673017534,0.9839203997445441,0.9323823267871136,0.05536588639818536,0.9480775993764533,0.40848904164300925,1.1419830314187718e-09,0.9949177303324721,0.187156992351827,178.99083202459633,0.36,4.838551530805844,0.655,4.916967338882676,0.71,0.8749245868064557,0.03825857994946085,0.3270735945235562,0.11477573984838256,-0.6836159104334936,0.3825857994946085,-0.14560516557729034,1.1477573984838256,0.9988830792847262,0.0016750940643106287,0.9698597178607151,0.016750940643106282,1.005850390219324,3.34308379438655,-0.04199999999999998,1.0994480433381106,0.82,2.475,0.7399999999999999,1.0140759340404446,0.79,2.25,2.6034999999999995,1.1587332523061553,0.91,0.75,-0.4855,1.298042661086299,0.86,2.8,0.33,0.3,0.275,60,0.035833333333333356,1.466006243354903,0.43333333333333335,C01:IMRPhenomXPHM,0,161,
GW190408_181802,C01:SEOBNRv4PHM,official,22a5127d30e414a39bc13eea3317735cc364693be1b1686e71d251275cc466c9,GW190408_181802,C01:SEOBNRv4PHM,"H1,L1,V1",15,14,0.13673755933531073,0.362014684449457,0.5979646141636034,7.719168515940497e-11,,0.13283086956299212,0.29454830229024564,0.9441690472635571,0.957225816647788,0.9711824722227879,0.8646015945733233,-0.02802498266714916,0.9737683217033029,0.21154051656927245,3.8595842579702486e-10,0.9755308291401846,0.19762366417835067,62.81662734013958,0.485,4.801034483809347,0.765,4.793486111274664,0.73,0.9652943837751218,0.018751170130365008,0.7079334029933742,0.05625351039109503,-0.02548948320559542,0.18751170130365005,0.06496500949223945,0.5625351039109502,1.0001280116318518,0.0024291696821546046,0.9403573034502066,0.024291696821546048,1.1618777676813816,2.730476646538974,1.0915000000000001,2.8779250772040608,0.64,3.6,1.1595,2.770845493707652,0.6,4.05,1.9935000000000003,3.033518213230308,0.68,4.8,0.6154999999999999,2.993849486864695,0.62,3.75,0.57,0.09,0.04999999999999993,60,1.4958333333333333,2.8205391279367533,0.55,C01:IMRPhenomXPHM,0,149,
GW190412,C01:IMRPhenomXPHM,official,22a5127d30e414a39bc13eea3317735cc364693be1b1686e71d251275cc466c9,GW190412,C01:IMRPhenomXPHM,"H1,L1,V1",40,41,0.10540132419872204,0.28769199238792637,0.5004810185604157,1.3618226406498238e-10,,0.14778814580406102,0.14134157231138678,0.8989051661694488,0.9725700631583776,0.9803893737562379,0.9112002764091561,-0.08875097420457428,0.950455245630711,0.30737544342119905,6.80911320324912e-10,0.9984973034116844,0.20081748985330405,385.7282734768898,0.435,4.872863051648587,0.715,4.910420977301044,0.725,0.9437106875747692,0.01942202006861291,0.5948673605578645,0.05826606020583873,-0.14983466919343624,0.1942202006861291,0.02087695246246506,0.5826606020583872,0.9994284643206729,0.0014261783795388554,0.9685699150981933,0.014261783795388555,0.6033144654470157,2.834696039266525,0.5635,1.8981814323188393,0.74,3.25,0.6609999999999999,1.8413796458090872,0.81,3.075,2.2955,2.0741636266215835,0.72,2.7,0.09400000000000006,1.9889102543855517,0.75,2.975,0.54,0.15,0.10000000000000031,60,0.6566666666666666,1.7161601194397786,0.5333333333333333,C01:IMRPhenomXPHM,0,263,
GW190412,C01:SEOBNRv4PHM,official,22a5127d30e414a39bc13eea3317735cc364693be1b1686e71d251275cc466c9,GW190412,C01:SEOBNRv4PHM,"H1,L1,V1",26,25,0.1820541132178165,0.42333390796128484,0.631592580571137,6.244405489317844e-11,,0.13825196141972956,0.1569073344478354,0.9440895587236879,0.9592917814676402,0.9696216011471883,0.86522942372904,0.10634159012262862,1.0629915875199871,0.25923357921856316,3.122202744658922e-10,1.015881021763547,0.20452368617188313,198.4312027551601,0.515,4.794103354830342,0.745,4.850271221403767,0.735,0.9465564123703599,0.011461821006760879,0.6844325728334192,0.03438546302028264,-0.1329463833501086,0.11461821006760879,-0.26700602378504873,0.3438546302028264,0.9957989023647827,0.0018355343877601066,0.8856031552888841,0.01835534387760107,1.0400933945617763,3.157159186734745,-0.49200000000000005,2.972530235338238,0.79,5.35,-0.06599999999999998,3.439141462632789,0.72,5.475,2.0145,3.6261708109243833,0.67,5.175,-0.674,3.4251896297869404,0.67,5.775,0.45,0.05,0.04999999999999999,60,-1.225,2.8507674405324614,0.5333333333333333,C01:IMRPhenomXPHM,0,224,
GW190503_185404,C01:IMRPhenomXPHM,official,22a5127d30e414a39bc13eea3317735cc364693be1b1686e71d251275cc466c9,GW190503_185404,C01:IMRPhenomXPHM,"H1,L1,V1",33,32,0.03827034788748245,0.09956641016032823,0.18245593742078037,1.180630127707925e-09,,0.17711409584653026,0.2836144130574788,0.7894925107159472,0.9609671594258599,0.9748048841363192,0.8783119106026752,0.004337708056783209,1.0470016494790833,0.4470388296358083,5.903150638539625e-09,1.0020811382482098,0.212138637041215,919.0455731208123,0.52,4.765555006599061,0.725,4.768152335969059,0.75,0.7804349205721071,0.08084734052837045,0.09381924486925436,0.2425420215851114,-0.7305544429020978,0.8084734052837047,-0.07202801693915736,2.425420215851114,0.999204616967166,0.0006847812759558106,0.9910711426199346,0.006847812759558105,2.095904465455454,5.0186168462542655,0.5309999999999999,1.633214315391584,0.66,2.45,0.5405000000000001,1.5439995952072008,0.61,2.225,2.5825,1.2742914697980208,0.75,0.5249999999999999,-0.366,1.4389037493870116,0.78,0.6499999999999999,0.57,0.21,0.050000000000000044,60,-0.16749999999999998,1.642630639147665,0.43333333333333335,C01:IMRPhenomXPHM,0,115,
GW190503_185404,C01:SEOBNRv4PHM,official,22a5127d30e414a39bc13eea3317735cc364693be1b1686e71d251275cc466c9,GW190503_185404,C01:SEOBNRv4PHM,"H1,L1,V1",12,12,0.05802937493192986,0.16259313252381716,0.3295592490672378,5.869059848735206e-10,,0.2387980673029777,0.28993841075167415,0.8877169221782658,0.9646033504818262,0.9765399646028503,0.890869574111811,0.08107913947006098,1.012665312065266,0.28052060995117556,2.934529924367603e-09,1.0121458274147748,0.20687977741734104,468.83759220183657,0.415,4.857180228703766,0.72,4.931745585218476,0.72,0.9046389411947636,0.04801968856811594,0.4187046434780198,0.1440590657043478,-0.2950254717802126,0.48019688568115937,-0.076774770720077,1.4405906570434779,1.00016190174348,0.000818183658128214,0.9980341811149064,0.00818183658128214,2.0120182667036732,2.507825654198139,0.49800000000000005,1.914757425889765,0.7,3.4000000000000004,0.5574999999999999,1.892529722355768,0.71,3.45,2.339,1.8000358329766657,0.74,1.0499999999999998,-0.42449999999999993,1.7413284440334627,0.7,3.1500000000000004,0.49,0.18,0.10000000000000009,60,1.0716666666666665,1.662988441197219,0.48333333333333334,C01:IMRPhenomXPHM,0,63,
GW190512_180714,C01:IMRPhenomXPHM,official,22a5127d30e414a39bc13eea3317735cc364693be1b1686e71d251275cc466c9,GW190512_180714,C01:IMRPhenomXPHM,"H1,L1,V1",57,56,0.04403381382669389,0.12834484670292742,0.24971146366410163,2.104115793237918e-10,,0.2609035483349148,0.2777437710792986,0.7708788829798779,0.9825229877586277,0.989057716319271,0.948193579289389,0.0007880155328137662,1.0450736126604767,0.5127502919329665,1.052057896618959e-09,0.9909913042810152,0.1809089816637852,159.83282792143572,0.405,4.861032252680391,0.645,4.9598815843723845,0.64,0.49920801278930377,0.060500264581441365,-0.5874174126865239,0.1815007937443241,-0.3323775580485499,0.6050026458144138,-0.34598968971639293,1.815007937443241,0.9939614428097141,0.0028753296171186737,0.8496208193068711,0.02875329617118673,0.39545584218974356,2.041300382386159,-0.3575,2.1343309841727924,0.67,3.475,0.028500000000000022,2.2601576825522596,0.63,3.475,2.3355,1.918662229262879,0.78,0.5499999999999998,-0.5680000000000001,1.8956465915354583,0.72,3.1750000000000003,0.55,0.29,0.5249999999999999,60,-0.30666666666666664,2.132945277206041,0.6333333333333333,C01:IMRPhenomXPHM,0,154,
GW190512_180714,C01:SEOBNRv4PHM,official,22a5127d30e414a39bc13eea3317735cc364693be1b1686e71d251275cc466c9,GW190512_180714,C01:SEOBNRv4PHM,"H1,L1,V1",18,17,0.15245149883347978,0.37728044925441834,0.59207872826999,6.039251880865912e-11,,0.17677302540378476,0.2744991307360659,0.9470323381938102,0.9803804093300247,0.9809759450316929,0.9254110829667854,0.05494196694623258,0.9606036270304272,0.23913418509568735,3.019625940432956e-10,1.0012575932350218,0.1874519063724449,45.25015076327487,0.395,4.893873259704059,0.66,4.877542284391847,0.725,0.9620109254348197,0.019267129424466286,0.68797842316677,0.05780138827339886,-0.028116893412237165,0.19267129424466287,-0.27596983710666584,0.5780138827339887,0.9994259007693977,0.0031903172453379685,0.8956258600558484,0.03190317245337969,1.0373838377035849,2.1062427193301123,-0.26949999999999996,2.7166605879277594,0.67,4.575,0.06450000000000002,2.7327302739202053,0.73,4.725,1.8085,2.6456573379785975,0.65,3.75,-0.18249999999999997,2.691202101292283,0.66,4.575,0.56,0.13,0.05000000000000001,60,-0.4441666666666666,2.779209894716282,0.7,C01:IMRPhenomXPHM,0,154,
GW190513_205428,C01:IMRPhenomXPHM,official,22a5127d30e414a39bc13eea3317735cc364693be1b1686e71d251275cc466c9,GW190513_205428,C01:IMRPhenomXPHM,"H1,L1,V1",47,46,0.04288560039718045,0.11860800666614701,0.2237267457254249,4.938325820251276e-10,,0.3619729350827309,0.38815745856823103,0.8489453466007352,0.9616420771235862,0.9770106023273285,0.8840319535610957,0.07085352166460737,1.05101796394899,0.3746687889613792,2.469162910125638e-09,0.9935718723661563,0.17421419074741867,558.8354210776694,0.47,4.86793844894764,0.735,4.809689076980737,0.74,0.7110977261718651,0.0679430765455222,-0.27546514557980856,0.20382922963656655,-0.2609940502564806,0.6794307654552221,-0.21680017671032772,2.0382922963656656,0.9998728588113173,0.0013758321953342694,0.9869237554640294,0.013758321953342693,0.8906997615221822,4.448432555936618,-0.3804999999999999,2.089280916966409,0.62,2.9,0.003499999999999974,2.004049088720134,0.65,3.0999999999999996,1.7150000000000003,2.213193394170514,0.73,0.8999999999999999,-0.39299999999999996,1.9422154875296407,0.65,2.95,0.58,0.17,0.050000000000000044,60,-0.6191666666666668,2.0424472997417147,0.5833333333333334,C01:IMRPhenomXPHM,0,105,
GW190513_205428,C01:SEOBNRv4PHM,official,22a5127d30e414a39bc13eea3317735cc364693be1b1686e71d251275cc466c9,GW190513_205428,C01:SEOBNRv4PHM,"H1,L1,V1",18,17,0.057862351211461785,0.15847780604194656,0.2948185009296174,3.6644017745317645e-10,,0.3827151929352265,0.4039994379345504,0.9583705365621169,0.9842469036225637,0.9866125853145206,0.9451131919889665,0.06152162735824142,1.0301284059250488,0.2172133461149484,1.8322008872658823e-09,0.9939727390094706,0.19208496236814737,435.35985587199843,0.3,4.834614228871796,0.715,4.954066782868682,0.735,0.9439029866351761,0.049535068100369326,0.5360263370356693,0.14860520430110793,-0.2706578961922913,0.4953506810036932,-0.06160744253033356,1.4860520430110795,1.0004825028303148,0.0013517914013863525,0.9992741849385783,0.013517914013863527,0.7247474299166184,1.8393311974680346,0.446,1.7052518875520999,0.73,3.225,0.843,1.7745142997451446,0.71,2.95,2.3110000000000004,1.6541701847149828,0.77,0.8749999999999998,0.183,1.8900029100506697,0.68,3.1500000000000004,0.63,0.15,0.050000000000000044,60,0.4766666666666667,1.97259276644274,0.5833333333333334,C01:IMRPhenomXPHM,0,67,
GW190519_153544,C01:IMRPhenomXPHM,official,22a5127d30e414a39bc13eea3317735cc364693be1b1686e71d251275cc466c9,GW190519_153544,C01:IMRPhenomXPHM,"H1,L1,V1",38,38,0.027656835790896298,0.08983870449988297,0.1930185677766855,1.7135269530082506e-09,,0.6640588795475242,0.4521208663655517,0.8608779907712724,0.9680168475664237,0.9752319702484975,0.8912667511097976,-0.09458525211192263,1.027734531515657,0.3306815479563535,8.567634765041253e-09,1.0068211892975247,0.21958032223117696,292.1851236406552,0.445,4.931015386357928,0.74,4.807167840946122,0.715,0.6776693824090593,0.07585583263412168,-0.27418601822128486,0.227567497902365,-0.2323980806691038,0.7585583263412166,0.04450993601907435,2.27567497902365,0.9997273195731904,0.0004426882956287903,0.9963255487635975,0.004426882956287903,0.7000550409863664,2.0673313865677123,0.40049999999999997,2.280147966689881,0.52,3.7,0.49900000000000005,1.9004470526694504,0.63,3.5,1.5815000000000001,2.595117097550706,0.56,2.6999999999999997,-0.22250000000000003,2.4227915201271446,0.54,3.825,0.74,0.25,0.050000000000000044,60,0.33000000000000007,2.2612901921985453,0.7333333333333333,C01:IMRPhenomXPHM,0,46,
GW190519_153544,C01:SEOBNRv4PHM,official,22a5127d30e414a39bc13eea3317735cc364693be1b1686e71d251275cc466c9,GW190519_153544,C01:SEOBNRv4PHM,"H1,L1,V1",21,21,0.05692545044375489,0.1897972840788427,0.379962349043623,6.801515750072025e-10,,0.4215158750666811,0.45572409176835194,0.9304163983047232,0.9699971948650941,0.9801602944807059,0.9059882524306012,-0.10889983169837969,1.0039464949920125,0.245386616973519,3.4007578750360124e-09,1.0035435986340848,0.2046488573004697,117.12134487924314,0.405,4.847091632907084,0.735,4.967871265907032,0.645,0.8247387810221075,0.030136562299589376,0.10503061409635878,0.09040968689876813,-0.7458144974471443,0.3013656229958938,-0.0996045251783439,0.9040968689876814,0.9988224608988562,0.0004430859738767824,0.9862665395105827,0.0044308597387678235,2.106261369516626,2.727112842089153,0.9835,3.6156953342337896,0.55,4.875,1.0365,2.6463829560364087,0.58,3.9000000000000004,2.0435,2.58526260755073,0.68,3.425,0.6425000000000002,2.651795382377758,0.66,3.9250000000000003,0.75,0.2,0.07500000000000018,60,1.7458333333333331,3.733221259478498,0.7666666666666667,C01:IMRPhenomXPHM,0,45,
GW190521_074359,C01:IMRPhenomXPHM,official,22a5127d30e414a39bc13eea3317735cc364693be1b1686e71d251275cc466c9,GW190521_074359,C01:IMRPhenomXPHM,"H1,L1",21,21,0.01777473431861946,0.03771100714529826,0.05903772122621719,3.3320810512607087e-09,,0.14570002466548665,0.17942239060496668,0.8976664784883212,0.9397699070569753,0.9535891691130014,0.7969450543731081,0.017553491636852766,0.9867625661334359,0.3273187841648755,1.6660405256303542e-08,0.9826746067449258,0.2230887026740715,24.00608417027767,0.59,4.7226355065276415,0.82,4.804520800928808,0.755,1.0212788883145139,0.10490305071135433,0.8752315963470968,0.314709152134063,0.27646081753431145,1.0490305071135433,0.12012439126477466,3.147091521340629,1.000170453152576,0.00031482742795726343,1.0016751888850772,0.0031482742795726337,11.909506391261797,57.86249560782907,-0.09300000000000001,0.38916705924319955,0.9,1.15,0.9280000000000002,0.43556400218567193,0.82,0.45000000000000007,3.0045000000000006,0.043643441660803896,0.89,0.09999999999999964,-0.9319999999999997,0.3769297016686268,0.92,0.3500000000000001,0.02,0.11,0.07500000000000001,60,-0.09666666666666665,0.4149163235588057,0.016666666666666666,C01:IMRPhenomXPHM,0,9,
GW190521_074359,C01:SEOBNRv4PHM,official,22a5127d30e414a39bc13eea3317735cc364693be1b1686e71d251275cc466c9,GW190521_074359,C01:SEOBNRv4PHM,"H1,L1",6,7,0.09593458690535901,0.1968362859001697,0.28540640679840673,3.742729797108435e-10,,0.2461495871011649,0.2603840958313558,0.9560688456052071,0.9879334096662041,0.9911299225446317,0.9593016409341893,0.04674155938505935,0.9690001733555599,0.1894757974102404,1.8713648985542173e-09,1.0143860543089191,0.20610580322804575,4.1206563662895155,0.355,4.948853226076107,0.69,4.911252676563006,0.595,1.0097397840950935,0.0201537966164426,1.0223655949184036,0.060461389849327786,0.9969309052879111,0.20153796616442593,0.48641583939274574,0.6046138984932778,1.0002900263665275,0.0005384785359609195,1.0028266310295784,0.005384785359609195,0.6996772493538138,1.9596979268799815,0.1825,1.717256169009155,0.83,3.175,0.9415,1.7970260849525805,0.82,3.2,2.2145,1.7782898385808763,0.81,2.875,-0.409,1.784508055459543,0.85,2.8499999999999996,0.37,0.11,0.15000000000000002,60,0.10749999999999997,1.928834384630607,0.4666666666666667,C01:IMRPhenomXPHM,0,9,
GW190620_030421,C01:IMRPhenomXPHM,official,22a5127d30e414a39bc13eea3317735cc364693be1b1686e71d251275cc466c9,GW190620_030421,C01:IMRPhenomXPHM,"L1,V1",32,31,0.03242694493183758,0.10291362928894318,0.21885045855282087,9.096678723612771e-10,,0.5044509432908586,0.5121065760199983,0.8942154120487869,0.9827906031059899,0.9870468433850628,0.9422976675714907,0.11601345805943226,1.0076090262508177,0.29945993483081906,4.5483393618063855e-09,1.0041530322364922,0.18280097193010397,181.14122920448813,0.265,4.828017075637734,0.645,4.961406123564368,0.64,0.7689168472442339,0.06353853231441602,-0.13480765478530682,0.190615596943248,-0.5499161423002442,0.63538532314416,0.20093623722194823,1.90615596943248,0.9994224371048702,0.000698480558068797,0.9920942242622454,0.00698480558068797,1.1834424956514058,2.752708463854759,0.78,2.2661420961625507,0.52,4.175,0.894,2.5150872748276547,0.63,4.55,1.987,2.1080870475385973,0.71,2.225,0.359,2.3256975297746694,0.58,4.0249999999999995,0.68,0.27,1.3499999999999999,60,0.5358333333333334,2.8076991123615,0.7666666666666667,C01:IMRPhenomXPHM,0,17,
GW190620_030421,C01:SEOBNRv4PHM,official,22a5127d30e414a39bc13eea3317735cc364693be1b1686e71d251275cc466c9,GW190620_030421,C01:SEOBNRv4PHM,"L1,V1",25,24,0.07724735977226471,0.23585116152613883,0.4271893892389078,6.109443025286218e-10,,0.2858224339845026,0.48954486796696284,0.8785199579759511,0.9738114459468775,0.9829906662448661,0.9181310593767086,0.0388410234419596,0.9821305444037922,0.31129569424794096,3.054721512643109e-09,1.0053430952570195,0.2146697050193735,114.98971257393451,0.405,4.892591916644227,0.74,4.879241672751453,0.675,0.7788238231939038,0.03801275264685889,-0.07950790112392067,0.11403825794057662,-0.5307301140934046,0.38012752646858883,-0.056642920157502476,1.1403825794057663,0.9987495335357792,0.0006221966959922346,0.983711400446446,0.006221966959922348,1.266651421443523,1.5708887334057708,0.2515,4.048792752166997,0.53,7.175000000000001,-0.23450000000000004,3.60953386879802,0.54,6.625,0.9435000000000001,3.6820079779924435,0.64,6.475,0.3970000000000001,3.9720386453306316,0.52,6.875,0.73,0.3,0.050000000000000044,60,0.2691666666666666,3.887009258057179,0.8833333333333333,C01:IMRPhenomXPHM,0,15,
GW190630_185205,C01:IMRPhenomXPHM,official,22a5127d30e414a39bc13eea3317735cc364693be1b1686e71d251275cc466c9,GW190630_185205,C01:IMRPhenomXPHM,"L1,V1",29,31,0.08044592548724748,0.2494389898126549,0.45966363196886106,4.264241796380313e-10,,0.14019009881932432,0.16794412461668784,0.9228599056392487,0.9719031182741695,0.9807301125972006,0.9096399992216012,-0.19097862512807365,0.8837171235387695,0.28814051513236494,2.1321208981901567e-09,0.9995763613843028,0.20383074254732775,182.6442049338113,0.415,4.787394121336892,0.73,4.951833109733023,0.69,1.0069499746043509,0.028342922360395983,0.5514140752483784,0.08502876708118792,-2.1302595080555288e-05,0.2834292236039597,0.14255045752949028,0.8502876708118793,1.0025788550318286,0.0006646649911938571,1.0205154609301172,0.006646649911938569,0.6161094923523791,1.9003412082893394,0.88,1.927524318912734,0.72,3.9000000000000004,0.5945,1.9475227213051969,0.66,4.025,2.15,2.046948949045872,0.73,2.9,0.4145,2.094221752823707,0.81,4.05,0.56,0.18,0.050000000000000044,60,1.320833333333333,1.9144253199212435,0.6666666666666666,C01:IMRPhenomXPHM,0,76,
GW190630_185205,C01:SEOBNRv4PHM,official,22a5127d30e414a39bc13eea3317735cc364693be1b1686e71d251275cc466c9,GW190630_185205,C01:SEOBNRv4PHM,"L1,V1",20,20,0.08863046244421016,0.25306446393391957,0.4562542298576218,3.0225252462374257e-10,,0.11402702463730521,0.18260029914865872,0.9356500838446804,0.9691927658477433,0.979476994700914,0.9030505812768905,0.011954096014209386,1.0677017875601886,0.24151746118822104,1.511262623118713e-09,1.0135784563759649,0.21426300137703416,142.13175191208563,0.43,4.892579066608981,0.73,4.790964006376673,0.68,0.943415231165494,0.02410584531243418,0.48937503800839316,0.07231753593730253,-0.26078595540504607,0.24105845312434176,0.013563532375567424,0.7231753593730254,1.0010284139255146,0.0007975399160831564,1.0010455075735412,0.007975399160831561,2.091987547902511,1.8453051131204652,2.0484999999999998,3.254554155333723,0.63,6.3500000000000005,2.1270000000000002,3.070280280365296,0.57,5.800000000000001,2.6,3.152728976616925,0.69,5.6,1.6979999999999997,3.3273181392827467,0.59,6.0,0.68,0.29,0.05000000000000003,60,2.024166666666667,3.3563185643731073,0.7333333333333333,C01:IMRPhenomXPHM,0,86,
GW190706_222641,C01:IMRPhenomXPHM,official,22a5127d30e414a39bc13eea3317735cc364693be1b1686e71d251275cc466c9,GW190706_222641,C01:IMRPhenomXPHM,"H1,L1",25,26,0.016314654062240072,0.05149330613873828,0.11176344522436886,3.0923408660991267e-09,,0.7550142293445459,0.5837548107308932,0.8821541489515831,0.9528701564694266,0.9695239374394221,0.8526981074945865,-0.06293875947475175,0.9699023165122352,0.3008637439506091,1.5461704330495634e-08,1.008038749589695,0.19704898034321944,5812.623583012774,0.48,4.772906452409069,0.735,4.769936546293666,0.77,0.3963432023211184,0.13234180063322762,0.4083953031086304,0.3970254018996829,0.12541068983148393,1.323418006332276,0.017940562817656356,3.9702540189968283,0.999740382726448,0.00042796640591621416,0.9966465304865397,0.004279664059162142,0.9499382042026033,5.153156775114572,0.5205000000000001,1.640976767050649,0.38,2.55,0.6155,1.6241720198304122,0.49,2.45,2.759,1.1138307770931812,0.88,0.20000000000000018,0.18599999999999997,1.6725740641298967,0.51,2.55,0.69,0.19,0.050000000000000044,60,0.15416666666666667,1.6708603489087757,0.6666666666666666,C01:IMRPhenomXPHM,0,84,
GW190706_222641,C01:SEOBNRv4PHM,official,22a5127d30e414a39bc13eea3317735cc364693be1b1686e71d251275cc466c9,GW190706_222641,C01:SEOBNRv4PHM,"H1,L1",19,19,0.0647197080691235,0.2253387977689495,0.4888483652545698,7.245428847757077e-10,,0.3589322596393546,0.6184612952755333,0.9598452226025641,0.9768162982756421,0.9468844830867306,0.86817044021659,-0.07983384829838658,0.9998320259310253,0.1954351977118748,3.6227144238785383e-09,0.9871585777916908,0.20467578348917972,1466.1534478573735,0.46,4.8315509033371375,0.69,4.717153548844858,0.835,0.8752063268059269,0.030529714283735195,0.3848847702260363,0.09158914285120556,-0.5415042224440109,0.30529714283735176,-0.13504369137203626,0.9158914285120556,0.9996084977640326,0.00042136517969100024,0.9729279230199143,0.004213651796910004,2.1299783457899624,1.971636477976277,-1.087,4.376017710201822,0.54,6.3,-0.28600000000000003,3.846030941113188,0.6,6.025,1.5324999999999998,3.5250487585280292,0.68,5.175,-0.6930000000000001,4.0920900527725435,0.53,6.725,0.79,0.14,0.125,60,-1.2775,3.856114462772079,0.8,C01:IMRPhenomXPHM,0,74,
GW190708_232457,C01:IMRPhenomXPHM,official,22a5127d30e414a39bc13eea3317735cc364693be1b1686e71d251275cc466c9,GW190708_232457,C01:IMRPhenomXPHM,"L1,V1",48,47,0.05660201721920262,0.15614437819863222,0.30078795327061986,1.987032866457492e-10,,0.19798692558786785,0.18562334927209223,0.8476151947052307,0.9741528458096418,0.9799475027453733,0.9144303144448012,-0.04609526789293264,0.9271710152654641,0.3563299404815613,9.93516433228746e-10,0.9918897527251879,0.18708206468311597,761.3971067746897,0.425,4.79461794815786,0.72,4.866603902513036,0.665,0.6486959749018888,0.050794283485869826,-0.12971795644357229,0.15238285045760944,-0.059649767400379125,0.5079428348586982,0.1253912445252976,1.5238285045760949,1.0010391357236827,0.0025562880384775184,0.9044156589734651,0.025562880384775184,0.5902586813338733,3.8477991697497025,-0.20300000000000007,2.1688570722848475,0.67,2.85,0.0885,2.2622981125395474,0.59,3.1000000000000005,2.1904999999999997,2.0316704334118763,0.83,0.6,0.16399999999999998,1.9104198491431144,0.59,3.05,0.57,0.23,0.2499999999999999,60,-0.48250000000000004,2.9959392656282824,0.65,C01:IMRPhenomXPHM,0,180,
GW190708_232457,C01:SEOBNRv4PHM,official,22a5127d30e414a39bc13eea3317735cc364693be1b1686e71d251275cc466c9,GW190708_232457,C01:SEOBNRv4PHM,"L1,V1",33,31,0.1289187031167844,0.3275331379282963,0.5740023270259791,7.972865475160129e-11,,0.1275695883847357,0.18443809640037728,0.9749291558724318,0.9566917794371836,0.9650042850793547,0.851672377484927,-0.04662333464176743,0.9327699624859531,0.14414398128829375,3.9864327375800645e-10,1.0160313743904543,0.19654357645737985,303.319405287803,0.6,4.855185230013491,0.81,4.771085134908748,0.755,0.841902495401348,0.02010816384555452,0.3230875612092261,0.06032449153666358,-0.12836912710615553,0.20108163845554528,-0.06022681964373628,0.6032449153666356,0.9978065619114271,0.002522074893675622,0.7663284583367457,0.02522074893675622,1.0763783907109545,1.454209127117151,1.0265,4.049052080425739,0.58,7.6000000000000005,0.6130000000000001,4.321693071008167,0.61,8.575,1.6854999999999998,3.757913616622926,0.58,7.375,0.7240000000000001,4.214875324372003,0.52,8.35,0.77,0.22,0.050000000000000266,60,0.6716666666666666,4.22913866985807,0.7666666666666667,C01:IMRPhenomXPHM,0,175,
GW190910_112807,C01:IMRPhenomXPHM,official,22a5127d30e414a39bc13eea3317735cc364693be1b1686e71d251275cc466c9,GW190910_112807,C01:IMRPhenomXPHM,"L1,V1",31,31,0.02988825679645735,0.08279192678732196,0.15446082699799896,1.783841137694825e-09,,0.4981028871848342,0.30701902037890283,0.8615586406974058,0.9832507388834731,0.9894181250678368,0.9506373499827415,0.06178670241148229,0.9569294356511904,0.3642298362453091,8.919205688474125e-09,1.0246903636678093,0.19852621238467058,190.5459973775704,0.335,4.847953463633941,0.685,4.841443054478946,0.64,0.8882883011565353,0.09200671177231516,0.5617405567632504,0.27602013531694536,-1.1632442368208131,0.9200671177231515,0.47501919279022725,2.760201353169454,1.000137856196083,0.0005157786185557483,1.0009094657393247,0.005157786185557484,4.30400167507731,9.556816362232295,-0.08200000000000002,0.9692914938242263,0.8,1.5750000000000002,0.6939999999999997,1.0460946419899109,0.72,1.1,2.9459999999999997,0.3608794812676387,0.9,0.2999999999999998,-0.7070000000000002,0.9267151665965113,0.79,1.2,0.2,0.16,0.09999999999999998,60,0.08000000000000002,1.0913371003803851,0.25,C01:IMRPhenomXPHM,0,17,
GW190910_112807,C01:SEOBNRv4PHM,official,22a5127d30e414a39bc13eea3317735cc364693be1b1686e71d251275cc466c9,GW190910_112807,C01:SEOBNRv4PHM,"L1,V1",21,21,0.09377136062916451,0.2858928242686682,0.5165064943553025,3.529951525695171e-10,,0.22424837231535322,0.2706587489781497,0.9349129621399648,0.9796645901588964,0.9846427080934003,0.931993107771729,0.024127529704340768,0.9406031113541993,0.26754406510079576,1.7649757628475856e-09,1.0137726465300028,0.20505054854305763,32.522230585893176,0.335,4.78729481340725,0.715,4.873709961943588,0.635,0.9776768023184453,0.020346081913995638,0.8112637759128639,0.06103824574198691,-0.06524529645142771,0.20346081913995634,-0.18521194090755858,0.6103824574198691,0.9999934051188704,0.0005763841731506151,0.9982760599500603,0.005763841731506151,1.594782008946508,4.703673228183803,2.2375,2.7458821442297916,0.68,2.875,1.8260000000000003,2.7329515180478414,0.69,4.525,3.0155000000000007,1.968371090521297,0.72,2.5749999999999997,1.368,2.8461071659373616,0.63,3.625,0.51,0.09,0.04999999999999999,60,2.2591666666666663,2.9211511952577114,0.5833333333333334,C01:IMRPhenomXPHM,0,15,
GW190915_235702,C01:IMRPhenomXPHM,official,22a5127d30e414a39bc13eea3317735cc364693be1b1686e71d251275cc466c9,GW190915_235702,C01:IMRPhenomXPHM,"H1,L1,V1",41,40,0.04339691537002947,0.12861263010253177,0.2678541049175935,4.505701377447096e-10,,0.2840463866377586,0.329108410022694,0.8255290780374409,0.9754118997838432,0.9794187765924652,0.9142345845949047,0.09049571189108213,1.0211375570211252,0.4444267958079643,2.252850688723548e-09,1.0123666319625508,0.2014174368838734,418.1094656783993,0.35,4.910423937003678,0.695,4.829274140392399,0.76,0.8337619822770367,0.055864674190446564,0.16894190332175268,0.16759402257133965,-0.27048745611837044,0.5586467419044657,0.03991261353697244,1.6759402257133966,0.9999232207462484,0.0012398663273618714,0.9911382076346162,0.012398663273618712,0.7550128741875535,2.420230505459613,0.4084999999999999,1.834993937319685,0.68,3.225,0.54,1.809157262373838,0.72,3.2,2.4105000000000003,1.6803614938458928,0.82,0.9500000000000002,-0.1115,1.8293284970174164,0.7,2.775,0.59,0.26,0.6499999999999999,60,0.46333333333333343,1.6655546290116763,0.7,C01:IMRPhenomXPHM,0,154,
GW190915_235702,C01:SEOBNRv4PHM,official,22a5127d30e414a39bc13eea3317735cc364693be1b1686e71d251275cc466c9,GW190915_235702,C01:SEOBNRv4PHM,"H1,L1,V1",17,17,0.12260281833692958,0.33100815091173985,0.5546329330315534,2.351791128707367e-10,,0.29122532102329135,0.31740497133782963,0.9199017714590372,0.9711507891290355,0.978778352310987,0.9046097347130029,-0.009260313307369109,0.8786855092422443,0.2836076926904414,1.1758955643536835e-09,1.0120836507149058,0.22467517161465445,209.04353965359036,0.375,4.747695589208262,0.745,4.892966681687537,0.655,0.9020397646610854,0.025835942462290543,0.33483720968941755,0.07750782738687162,-0.2095798794646244,0.2583594246229054,-0.13409148330178433,0.7750782738687161,1.0006215911327048,0.001098564500347059,0.9859531980138118,0.010985645003470589,1.0965027146923432,1.737585811119919,-0.6864999999999999,3.885529918814164,0.56,6.725,-1.5325,3.596354925476628,0.56,6.45,0.9725,3.6104388583661127,0.73,6.1,-1.3329999999999997,3.884354643953098,0.6,7.375,0.72,0.13,0.04999999999999982,60,-0.32083333333333336,4.0616221273717175,0.7833333333333333,C01:IMRPhenomXPHM,0,200,
GW191109_010717,C01:IMRPhenomXPHM,official,22a5127d30e414a39bc13eea3317735cc364693be1b1686e71d251275cc466c9,GW191109_010717,C01:IMRPhenomXPHM,"H1,L1",21,21,0.07140213675825484,0.20013637211595325,0.33713160588146185,1.3299634725180168e-09,,0.11584215114251528,0.21926308925409094,0.9557201119133337,0.984258033147444,0.9886383285105846,0.9472821112832799,0.017681741088068463,1.0220195679513837,0.19142671898483796,6.649817362590084e-09,0.995039838207114,0.18573379092284364,96.13044919852294,0.275,4.76242003169771,0.63,4.962123795111898,0.685,0.9625659784892433,0.028302760479590537,0.731472623902084,0.08490828143877159,-0.48355547597544113,0.28302760479590533,-0.042951045119074195,0.849082814387716,0.999933362851231,0.00021280855500493544,0.9991853712738654,0.0021280855500493546,3.014795941549221,4.23668339475515,-0.01100000000000002,3.18738591952716,0.63,4.9,0.5195000000000001,2.7704773505661437,0.65,4.074999999999999,1.756,2.985584364910829,0.65,1.05,0.26299999999999996,2.9221278206129173,0.67,4.824999999999999,0.63,0.14,0.05,60,-0.205,4.169729207834325,0.7666666666666667,C01:IMRPhenomXPHM,0,16,
GW191109_010717,C01:SEOBNRv4PHM,official,22a5127d30e414a39bc13eea3317735cc364693be1b1686e71d251275cc466c9,GW191109_010717,C01:SEOBNRv4PHM,"H1,L1",16,16,0.1017683395204511,0.2866348119413265,0.4732186915953882,5.688039139520181e-10,,0.257242902785193,0.2830786925979417,0.8351435270646528,0.982976544784835,0.9877745913381605,0.9438975355713359,0.1383981382946665,1.017500818472514,0.3628289965068513,2.8440195697600905e-09,0.9929925530409507,0.19517237209490212,55.22480501400945,0.33,4.8639614712134644,0.625,5.173511777507339,0.65,0.97039936170649,0.01765640214240147,0.8247362619287281,0.052969206427204416,-0.08872663788079338,0.1765640214240147,-0.5283279650917213,0.5296920642720441,0.9997464735184893,0.0003104128102728015,0.997032076987535,0.003104128102728015,2.296113607137164,3.4363828123500513,-0.8535,3.393591423551162,0.76,7.05,-1.2385,3.2632104973476657,0.64,6.775,2.806,1.3181289769973195,0.83,1.1999999999999997,-0.6174999999999999,3.6512215421691407,0.54,5.575,0.5,0.2,0.15,60,-2.4266666666666667,3.524373072697548,0.6666666666666666,C01:IMRPhenomXPHM,0,17,
GW191129_134029,C01:IMRPhenomXPHM,official,22a5127d30e414a39bc13eea3317735cc364693be1b1686e71d251275cc466c9,GW191129_134029,C01:IMRPhenomXPHM,"H1,L1",36,35,0.08292596186624675,0.23019615781519798,0.42184255619123795,6.507978129400902e-11,,0.15438465049154954,0.15802439886515074,0.8697174852493199,0.9669737436996386,0.9845849394799453,0.9117058662538697,0.14584231917556673,1.042867982403753,0.38004050659876815,3.2539890647004513e-10,0.9777515208555937,0.20628882344820854,311.13462807660517,0.4,4.822722944970154,0.735,4.88714351070893,0.715,0.5001537398812267,0.031739440053598085,-0.38384467672566336,0.09521832016079425,-0.08905425431549721,0.3173944005359809,0.04475441085759388,0.9521832016079426,0.9813936127497952,0.0048770047198237725,0.11725855920516616,0.04877004719823773,0.43922169619219326,2.7485464011502447,0.9195,3.2314926504635593,0.51,3.6500000000000004,0.865,3.1085808659258003,0.63,3.6,2.4744999999999995,1.8993616690878017,0.81,1.0750000000000002,0.8305,3.131636113918729,0.63,3.525,0.8,0.26,0.04999999999999993,60,0.31999999999999995,3.0984297098153877,0.9166666666666666,C01:IMRPhenomXPHM,0,320,
GW191129_134029,C01:SEOBNRv4PHM,official,22a5127d30e414a39bc13eea3317735cc364693be1b1686e71d251275cc466c9,GW191129_134029,C01:SEOBNRv4PHM,"H1,L1",29,27,0.19123269423437264,0.40988138005702224,0.6701659027900106,3.0429262593272145e-11,,0.10720636578320422,0.16206993131810482,0.9768556994869566,0.9249044156319218,0.9505626330702179,0.7687255313393295,0.02427503029210121,0.9658122175142709,0.14969971134983812,1.5214631296636073e-10,0.9996178090948706,0.19714481367385026,801.8008428289512,0.64,4.597243518141746,0.8,4.76717858828975,0.8,0.5552620629459618,0.01952833079823075,0.253190073204852,0.05858499239469225,0.03147153345026763,0.1952833079823075,0.07721378523835555,0.5858499239469225,0.9394148722665981,0.006417615523337863,0.23297836474108488,0.06417615523337863,1.538516156227133,2.3954253588693524,-0.23300000000000012,4.813689956779518,0.46,10.025,-0.38800000000000007,3.9660567318181417,0.49,9.325,1.8234999999999997,3.4676033149713072,0.68,7.725,0.46100000000000013,4.141832806862198,0.6,9.25,0.81,0.13,0.0,60,-0.004166666666666608,4.934109947317978,0.8166666666666667,C01:IMRPhenomXPHM,0,482,
GW191216_213338,C01:IMRPhenomXPHM,official,22a5127d30e414a39bc13eea3317735cc364693be1b1686e71d251275cc466c9,GW191216_213338,C01:IMRPhenomXPHM,"H1,V1",36,37,0.0958841366809935,0.2591250542342443,0.46742132808559267,1.1083724463669442e-10,,0.07743686852287798,0.07240631192960362,0.8957118518651922,0.9686195533489472,0.9759857495822911,0.8946290045156121,0.019883647871090485,1.0013961232519504,0.35787641125672837,5.541862231834721e-10,0.9914987382784662,0.20047572599508678,228.7039910083731,0.46,4.868646440644728,0.76,5.03994683565784,0.67,0.8569202420003883,0.02034934843755935,0.2258036484756167,0.061048045312678045,-0.21145935379066846,0.20349348437559345,0.08692916462497152,0.6104804531267805,1.000671617675467,0.00183596664679468,0.8833926671917495,0.018359666467946796,0.6255976755900865,1.934901331628522,0.809,2.405102700509897,0.68,4.324999999999999,0.715,2.754582545504854,0.64,4.175000000000001,2.1555000000000004,2.1549001717016965,0.74,3.625,0.4330000000000001,2.4824707450441386,0.7,4.275,0.65,0.19,0.10000000000000009,60,0.8758333333333332,2.2562781238628853,0.7,C01:IMRPhenomXPHM,0,287,
GW191216_213338,C01:SEOBNRv4PHM,official,22a5127d30e414a39bc13eea3317735cc364693be1b1686e71d251275cc466c9,GW191216_213338,C01:SEOBNRv4PHM,"H1,V1",32,31,0.12325132261387539,0.3238423035749523,0.5662173288771427,5.3146146120252917e-11,,0.04875145233528318,0.07405925151872877,0.9561985767410918,0.9605450758043589,0.974412117427069,0.8779347887665964,-0.0419658092463536,1.0556163307375583,0.18207716219206582,2.657307306012646e-10,1.0138519568471012,0.20515958810054144,601.861146103852,0.465,4.915723463406623,0.82,4.894598103357853,0.695,0.7772113300283862,0.015433529217328015,0.12085445663147289,0.04630058765198405,-0.45681310885907855,0.15433529217328015,0.034879294249804814,0.46300587651984043,0.9880056846056636,0.0029039789982902653,0.43559641071711913,0.029039789982902655,0.7540319240108087,0.9947506177800458,-0.558,4.6267522086232376,0.61,9.8,-0.014000000000000012,4.746456994432795,0.64,9.524999999999999,0.15249999999999986,4.5545272806296815,0.56,8.8,-0.708,4.539260512462355,0.46,9.524999999999999,0.84,0.21,0.19999999999999973,60,0.7116666666666667,4.75551755566334,0.7833333333333333,C01:IMRPhenomXPHM,0,589,
GW191222_033537,C01:IMRPhenomXPHM,official,22a5127d30e414a39bc13eea3317735cc364693be1b1686e71d251275cc466c9,GW191222_033537,C01:IMRPhenomXPHM,"H1,L1",29,29,0.0144645774748202,0.04711774007562481,0.1121757638929026,2.7407080195568847e-09,,0.6681435629401411,0.48484280312899275,0.8452378087304306,0.9630403727426737,0.9782664657444783,0.8912434496537597,0.0245138066763457,1.0126490702975484,0.4029413746278024,1.3703540097784424e-08,1.0052445069328297,0.1970357718342745,509.67538503445667,0.425,4.736715436115096,0.73,4.901879278665177,0.715,-0.07191778079409944,0.1716160256119354,0.2584942068070359,0.5148480768358061,-0.43440233412728735,1.7161602561193539,-0.39627796683988226,5.148480768358061,1.000373822799715,0.0006261740557087219,1.0012990254377034,0.006261740557087218,2.5970425104441968,8.654765735118469,0.1665,1.0669361508543986,0.63,1.8,0.5890000000000001,0.9767952702588193,0.67,1.8499999999999999,2.9915000000000003,0.060022912291890634,0.89,0.1499999999999999,-0.56,0.97205966895042,0.8,0.35,0.4,0.22,0.050000000000000044,60,-0.03750000000000002,0.974748899289795,0.4,C01:IMRPhenomXPHM,0,63,
GW191222_033537,C01:SEOBNRv4PHM,official,22a5127d30e414a39bc13eea3317735cc364693be1b1686e71d251275cc466c9,GW191222_033537,C01:SEOBNRv4PHM,"H1,L1",18,18,0.06110392425597876,0.20112064027298593,0.3916185842104285,5.180352603518811e-10,,0.4359662664272771,0.5335537864140087,0.9617884962141443,0.9807877107476978,0.9889465684999333,0.9434314170431417,-0.003002192158591184,1.0063898509628184,0.17522568510337083,2.590176301759405e-09,1.0050272358922905,0.18262640173324154,108.61578965453971,0.36,4.8894778262918885,0.68,4.846212207013923,0.64,0.8257573195952005,0.04206634144962287,0.03235692709038788,0.1261990243488686,-0.5955929818645984,0.4206634144962286,-0.16284807855171465,1.2619902434886858,0.9988641008186285,0.0008120362583243629,0.9845269327682367,0.00812036258324363,1.0316161853754118,1.1479564433222549,-1.7979999999999998,3.4081440697247523,0.52,6.775,-1.2535,3.3287479252716032,0.56,6.699999999999999,0.3600000000000001,3.787974392732876,0.54,6.75,-1.8229999999999997,3.6227435735917055,0.63,6.949999999999999,0.77,0.19,0.04999999999999982,60,-1.3775,3.2969610375819327,0.8,C01:IMRPhenomXPHM,0,46,
GW200112_155838,C01:IMRPhenomXPHM,official,22a5127d30e414a39bc13eea3317735cc364693be1b1686e71d251275cc466c9,GW200112_155838,C01:IMRPhenomXPHM,"L1,V1",33,32,0.029225052006819442,0.07897833091795618,0.14837813605334127,8.780290652525e-10,,0.29739282739192385,0.24035687441327147,0.8923072728418378,0.9749752060202284,0.9802003259194411,0.9199447407367946,-0.03727265514024863,0.9264611047645436,0.33681425885774374,4.3901453262625e-09,1.0130931090492366,0.20755353080698224,564.0338231221219,0.395,4.7786240506878865,0.69,4.901350632868457,0.715,0.9397918152562477,0.06565850971448718,0.4987701709928768,0.1969755291434615,-0.8673636161652777,0.6565850971448718,-0.3688526894670736,1.9697552914346153,1.0007272367801534,0.0007477942623187008,1.0057226065727758,0.00747794262318701,1.7984494257878474,16.847877860974503,-0.03350000000000001,0.7296936000815685,0.78,1.775,0.7404999999999999,0.7549733439002996,0.74,1.925,2.8914999999999997,0.5631187707757573,0.9,0.30000000000000027,-0.5495,0.837540894523963,0.81,1.9,0.23,0.14,0.050000000000000044,60,0.08500000000000002,0.6954195376413675,0.2,C01:IMRPhenomXPHM,0,114,
GW200112_155838,C01:SEOBNRv4PHM,official,22a5127d30e414a39bc13eea3317735cc364693be1b1686e71d251275cc466c9,GW200112_155838,C01:SEOBNRv4PHM,"L1,V1",17,16,0.07753559813467552,0.16904242886709767,0.27489531716368537,3.934688025037009e-10,,0.27645287550416286,0.24363475990917266,0.9040117942824146,0.9630998233975377,0.963927308494274,0.8634392641690891,-0.07908522846238852,0.9385879427747247,0.30417542906002587,1.9673440125185042e-09,0.9884908232535059,0.2011631468246804,256.732080661063,0.465,4.8578250253499995,0.76,4.849406059456005,0.745,1.0103205985254045,0.027956668295315828,0.9633901195934793,0.08387000488594748,0.7481524141014796,0.27956668295315823,-0.028928604587199622,0.8387000488594748,1.0006745978603238,0.0007105180415174816,1.0056400791277216,0.007105180415174814,1.5185429444717957,6.578618288081368,1.1665,2.2995657742278217,0.75,2.6999999999999997,1.359,2.2629226677021026,0.73,2.4000000000000004,2.6795,1.6724846038155328,0.8,1.4,0.62,2.540777440076167,0.67,2.5999999999999996,0.45,0.1,0.09999999999999998,60,0.9583333333333335,2.0816092866391194,0.45,C01:IMRPhenomXPHM,0,61,
GW200129_065458,C01:IMRPhenomXPHM,official,22a5127d30e414a39bc13eea3317735cc364693be1b1686e71d251275cc466c9,GW200129_065458,C01:IMRPhenomXPHM,"H1,L1,V1",27,26,0.030110127583567486,0.08528136667546785,0.16822469025073727,5.394121915626071e-10,,0.16018865813142485,0.18916619281205838,0.8763316714456809,0.9826248533064397,0.9880911167088863,0.9445654617672181,0.005903957773152162,0.9686875586620491,0.320737144249995,2.6970609578130353e-09,1.0039223183742785,0.18663978466222725,263.9109581250641,0.34,4.848617104349776,0.65,4.988121839352183,0.64,0.8526364412404069,0.04402374411734481,0.306313780538886,0.13207123235203444,-0.7378824931647338,0.4402374411734481,-0.813277117086058,1.3207123235203444,0.9984605771373791,0.0008161429201259566,0.9824601505413707,0.008161429201259568,1.5279809564439835,5.299045697488437,-0.12149999999999998,1.0619852870920576,0.81,2.525,0.47450000000000003,1.535130206204021,0.78,2.5999999999999996,2.8890000000000002,0.7823867330163518,0.91,0.6499999999999999,-0.5059999999999999,1.0560842769400556,0.86,2.575,0.37,0.24,0.22499999999999998,60,0.09250000000000001,1.1626057299589287,0.31666666666666665,C01:IMRPhenomXPHM,0,209,
GW200129_065458,C01:SEOBNRv4PHM,official,22a5127d30e414a39bc13eea3317735cc364693be1b1686e71d251275cc466c9,GW200129_065458,C01:SEOBNRv4PHM,"H1,L1,V1",7,7,0.1102475491914361,0.26754906045913784,0.46882056124351384,2.05724290959721e-10,,0.10318510562263053,0.16764868965432017,0.9539525774368796,0.9472034110677165,0.9645861453610133,0.8332917764495769,0.029924831165186818,0.8819852656292779,0.19756648020872258,1.028621454798605e-09,1.0148107996331794,0.19461748604438325,87.94261436457889,0.58,4.66779072603065,0.765,4.965736960938943,0.695,0.9860508896351894,0.011396824633255812,0.8863554510701761,0.03419047389976744,0.2868798231052354,0.11396824633255812,0.11375099987382586,0.34190473899767443,0.9999470901013575,0.0005539853645910588,0.9965687015786324,0.005539853645910588,1.4645818703915396,4.928509633926603,-0.18049999999999994,1.2095431988978318,0.81,2.475,0.24750000000000003,1.500356207705357,0.7,2.775,2.385,1.9564955916127182,0.88,1.7,-0.6034999999999999,1.2968472346425388,0.77,2.45,0.33,0.1,0.050000000000000044,60,0.24250000000000008,1.5269202391306058,0.43333333333333335,C01:IMRPhenomXPHM,0,112,
GW200224_222234,C01:IMRPhenomXPHM,official,22a5127d30e414a39bc13eea3317735cc364693be1b1686e71d251275cc466c9,GW200224_222234,C01:IMRPhenomXPHM,"H1,L1,V1",25,25,0.0427588015073948,0.13435757568277812,0.2760911315149375,4.3912325902843333e-10,,0.28258549946455025,0.31484470401991826,0.8700638424760898,0.9826699738194291,0.9853377144935433,0.9381844087432043,-0.05366482990518787,0.9634302466218735,0.328744684984675,2.1956162951421668e-09,1.001790884528424,0.21175109451170912,48.32419471196308,0.36,4.912184609563751,0.67,4.870584771517368,0.64,0.9547458840493225,0.037747114389932265,0.44853819828644254,0.1132413431697968,-0.36364009420250065,0.3774711438993227,-0.1203563164917392,1.1324134316979682,1.0009386492866104,0.000859601800037837,1.0052192968862794,0.00859601800037837,1.0415230149149528,1.8381041106247158,0.07349999999999998,1.7911931079590497,0.69,3.475,0.3189999999999999,1.9984716660488335,0.72,3.4000000000000004,2.4545000000000003,1.7298568582400105,0.71,1.275,-0.32400000000000007,1.7842852910899647,0.76,3.1,0.56,0.28,0.050000000000000044,60,0.1708333333333333,1.5802766547524376,0.5833333333333334,C01:IMRPhenomXPHM,0,64,
GW200224_222234,C01:SEOBNRv4PHM,official,22a5127d30e414a39bc13eea3317735cc364693be1b1686e71d251275cc466c9,GW200224_222234,C01:SEOBNRv4PHM,"H1,L1,V1",6,6,0.07631874821682835,0.2383627484024229,0.4619980192217845,2.5897063936305903e-10,,0.17938487548702398,0.31449104821302487,0.9874758445679359,0.9803008594440079,0.9856125976810443,0.9373054069066876,0.08765822111695216,1.0649688806585282,0.09791397579141892,1.2948531968152952e-09,0.9873347279559728,0.19441732043530258,28.461013683767856,0.365,4.884928757975744,0.745,4.897469187959374,0.655,0.9749355445056,0.0181240658039434,0.7838656566909246,0.054372197411830206,-0.21670832793329026,0.181240658039434,-0.14341216151340755,0.543721974118302,0.9999952910993642,0.0006998502165542676,0.9964451192422275,0.006998502165542677,1.4959877062959075,3.342858577931603,0.10899999999999999,1.9012677349600187,0.75,3.0,0.37000000000000005,1.930712303788423,0.64,3.0,1.9754999999999998,2.2282111098367676,0.72,2.1000000000000005,-0.2335,2.0399393986096745,0.71,3.2249999999999996,0.44,0.06,0.0,60,0.36999999999999994,2.1629493752744193,0.5,C01:IMRPhenomXPHM,0,58,
GW200311_115853,C01:IMRPhenomXPHM,official,22a5127d30e414a39bc13eea3317735cc364693be1b1686e71d251275cc466c9,GW200311_115853,C01:IMRPhenomXPHM,"H1,L1,V1",27,26,0.051828654363691565,0.16510654971401117,0.3325782486306054,4.612149578260069e-10,,0.18369750160898513,0.22902028239129812,0.9161760631444623,0.9832781894667147,0.9880818641596366,0.9456719800658597,0.0435504123494401,1.0458348458081945,0.24588047407338956,2.3060747891300344e-09,0.98276962901501,0.1882164914207524,280.295620347994,0.29,4.8717755238201725,0.675,4.943856915427654,0.72,0.9886433409793356,0.0353845535647156,0.45462809927361414,0.10615366069414678,-0.025839968549331106,0.353845535647156,-0.05941032225854765,1.0615366069414678,1.002298259880609,0.0007672030788312897,1.0178294776137533,0.0076720307883128966,0.3059078890782036,1.5356072351853614,0.17050000000000004,2.5025796191130465,0.62,3.8,0.11450000000000005,2.614242672362304,0.51,4.2749999999999995,1.7930000000000001,2.632470512655365,0.71,2.675,0.10250000000000002,2.451778691073075,0.6,4.0,0.7,0.19,0.07500000000000018,60,-0.44416666666666665,2.444774898749485,0.65,C01:IMRPhenomXPHM,0,148,
GW200311_115853,C01:SEOBNRv4PHM,official,22a5127d30e414a39bc13eea3317735cc364693be1b1686e71d251275cc466c9,GW200311_115853,C01:SEOBNRv4PHM,"H1,L1,V1",6,6,0.1011248045368769,0.2990427130436479,0.5580987363101536,2.4026422404939464e-10,,0.11719919622845187,0.22738810317719105,0.9801553857184224,0.9708988334587833,0.9782652901333222,0.9068558644322081,0.02183539974852862,0.9320027543535631,0.13872724217318422,1.2013211202469731e-09,1.0185581582899488,0.20420540191423903,144.82611716637882,0.505,4.798744077784635,0.745,4.861228491175649,0.67,0.9403388742398051,0.019014634517834215,0.6156307642501068,0.057043903553502626,-0.2578736547003966,0.19014634517834214,-0.33486508939388643,0.5704390355350263,0.9993478809441326,0.0007914051537662593,0.9861604720314461,0.007914051537662592,1.1152785999094912,3.3256938281241153,0.092,1.5046547776815784,0.82,2.6,0.2805,1.7060318725041452,0.72,2.8499999999999996,2.2609999999999997,1.94759569726368,0.83,1.8499999999999999,0.02400000000000001,1.8987427419216116,0.78,2.825,0.37,0.13,0.04999999999999982,60,0.22749999999999998,1.5266364170947844,0.38333333333333336,C01:IMRPhenomXPHM,0,80,
GW230601_224134,C00:IMRPhenomXPHM-SpinTaylor,official,22a5127d30e414a39bc13eea3317735cc364693be1b1686e71d251275cc466c9,GW230601_224134,C00:IMRPhenomXPHM-SpinTaylor,"H1,L1",20,20,0.07741892209353315,0.2180840268375178,0.36359358066390723,5.804901462721324e-10,,0.750468608701303,0.6007393059644486,0.9165847639541789,0.9910613555271803,0.9913368506865071,0.9656136399745087,0.046150422381664925,0.9502603968121163,0.2552815442149928,2.902450731360662e-09,1.0228152903690317,0.20614377112634183,141.47195584794486,0.31,4.8436296702529935,0.6,4.9508783379938075,0.69,0.9094517289142693,0.032778564396586586,0.5576419951206518,0.09833569318975974,-0.785322581852479,0.32778564396586574,-0.2388397149283168,0.9833569318975974,0.9990020474235017,0.0005646704704134646,0.9891158015040736,0.0056467047041346445,1.1339199981682382,2.0550633345243114,-1.2180000000000002,4.093162102824661,0.52,6.05,-0.31549999999999995,3.228495741053409,0.76,3.6,2.302,2.710294448948306,0.82,0.825,-1.1509999999999998,3.4385315179593743,0.66,3.9000000000000004,0.72,0.18,0.10000000000000053,60,-1.1541666666666663,3.823123631999828,0.8333333333333334,C00:IMRPhenomXPHM-SpinTaylor,0,15,
GW230601_224134,C00:SEOBNRv5PHM,official,22a5127d30e414a39bc13eea3317735cc364693be1b1686e71d251275cc466c9,GW230601_224134,C00:SEOBNRv5PHM,"H1,L1",8,8,0.12391284631852119,0.33563713261484807,0.560919970066397,5.328032697472134e-10,,0.6704906533572201,0.6069796677135288,0.8065256727911643,0.9825368975517279,0.9795807697971872,0.9272284802098146,0.07686133589799211,1.0503355852823384,0.5218126425769487,2.6640163487360673e-09,1.002344193006389,0.19986217270919987,131.57608848730138,0.37,4.889061012132146,0.615,4.9588436324805,0.68,0.9921821952546075,0.01994987240923977,0.8866431756111747,0.0598496172277193,0.218936616313696,0.19949872409239777,-0.2921070572653541,0.598496172277193,1.0003024446522764,0.0003744322443573763,1.0021990606729594,0.003744322443573762,1.2023802325984556,3.8092682482774345,-0.1819999999999999,2.5541879335710598,0.72,3.0,-0.423,2.7279976173010123,0.59,3.8,2.074,2.649240268454336,0.83,1.9749999999999999,-0.09649999999999997,2.332211986505515,0.69,4.025,0.45,0.12,0.07499999999999996,60,0.3975,2.875737948770715,0.6166666666666667,C00:SEOBNRv5PHM,0,13,
GW230627_015337,C00:IMRPhenomXPHM-SpinTaylor,official,22a5127d30e414a39bc13eea3317735cc364693be1b1686e71d251275cc466c9,GW230627_015337,C00:IMRPhenomXPHM-SpinTaylor,"H1,L1",27,25,0.0960782608730206,0.20271674468794137,0.2977655728788573,3.694953418088643e-11,,0.06837400785576639,0.06629688102582557,0.9211596995858199,0.9751785105976448,0.9704359051836883,0.8969448943667534,-0.01897449680469748,1.0110964899152384,0.2802385732365369,1.8474767090443214e-10,0.9802696546779563,0.20226351571189527,46.559840494105025,0.415,4.733627503497892,0.625,4.8393659438202405,0.74,0.9340708861631036,0.01675658411526717,0.6911082895000291,0.050269752345801506,0.022781313229765534,0.1675658411526717,-0.5263248367180764,0.5026975234580151,0.9866977212696024,0.004534991979394197,0.7326464947210536,0.04534991979394196,1.5010081875306007,10.770370182859441,0.067,1.3422224107799718,0.85,2.025,0.3165,1.5390915339901003,0.75,2.45,2.772,1.1109302408342299,0.8,0.6999999999999997,-0.30400000000000005,1.4083799203339984,0.73,2.1750000000000003,0.28,0.11,0.12500000000000003,60,0.0625,0.8462478458859831,0.31666666666666665,C00:IMRPhenomXPHM-SpinTaylor,0,999,
GW230627_015337,C00:SEOBNRv5PHM,official,22a5127d30e414a39bc13eea3317735cc364693be1b1686e71d251275cc466c9,GW230627_015337,C00:SEOBNRv5PHM,"H1,L1",23,23,0.12506746314431386,0.27899037794981085,0.4289907918586116,2.2382491473838602e-11,,0.06951150237470513,0.0651274136831515,0.8770618183458339,0.9745738332366514,0.9812118573980171,0.91614936537537,0.06155069641097657,1.0469822527528494,0.31793773445746365,1.1191245736919301e-10,1.0087990022722737,0.1900686048400383,27.68291396359032,0.455,4.814141462080163,0.74,4.963931394271952,0.685,0.966097687581869,0.01291240822725079,0.8180631950309927,0.03873722468175236,-0.028271363993378006,0.12912408227250785,-0.515456133940129,0.3873722468175236,0.9883710471684329,0.005768977167864998,0.6559119422539561,0.05768977167864996,0.5456054348572953,4.119210854804292,0.3385000000000001,1.6947839832851856,0.84,3.0,0.491,1.3788651130549354,0.84,3.0749999999999997,2.6849999999999996,1.0965058139380748,0.9,1.275,0.08049999999999999,1.8858273383319057,0.78,3.2,0.55,0.12,0.10000000000000009,60,-0.06250000000000003,1.4032885483748523,0.5,C00:SEOBNRv5PHM,0,969,
GW230628_231200,C00:IMRPhenomXPHM-SpinTaylor,official,22a5127d30e414a39bc13eea3317735cc364693be1b1686e71d251275cc466c9,GW230628_231200,C00:IMRPhenomXPHM-SpinTaylor,"H1,L1",22,23,0.03712605917590614,0.11525231259865872,0.23269403134969716,3.981703803361839e-10,,0.3683007618220684,0.40753890147661176,0.8815176382291132,0.9726666776012498,0.9863384367422104,0.9248802181074537,-0.10139888901852308,1.0277035746179999,0.3662962919432591,1.9908519016809197e-09,1.0084612349806046,0.2042573272142856,59.76508087939111,0.43,4.8060941954634755,0.79,4.824422947947117,0.685,0.3936810370673198,0.05448743750866483,-0.8828083831196232,0.1634623125259944,-0.2679445332014097,0.5448743750866482,0.07785474553234224,1.6346231252599444,0.9897015923171198,0.0013684452736705303,0.8834580306865035,0.0136844527367053,0.9803605163040924,5.242327739138275,0.20900000000000005,1.60495140113338,0.68,2.6,0.353,1.5591475234883967,0.65,2.875,2.5185,1.151795446249029,0.79,1.275,-0.03649999999999997,1.7035383030621882,0.66,2.625,0.51,0.29,0.42499999999999993,60,-0.5258333333333334,1.4551200313223496,0.45,C00:IMRPhenomXPHM-SpinTaylor,0,60,
GW230628_231200,C00:SEOBNRv5PHM,official,22a5127d30e414a39bc13eea3317735cc364693be1b1686e71d251275cc466c9,GW230628_231200,C00:SEOBNRv5PHM,"H1,L1",19,18,0.08174952197460443,0.23106269301041504,0.4053374461085424,1.6203028265424866e-10,,0.2687333855440538,0.4100175229360338,0.9817975658880491,0.982000790816762,0.9890526376784744,0.9447101513916598,0.08299425579729255,1.0757942219779744,0.15116223424566627,8.101514132712433e-10,0.9915369346846796,0.2174029820423157,24.5014218262019,0.31,4.9302074089919765,0.665,4.97846686988904,0.69,0.9895506989836862,0.026056725322672447,0.774103579610655,0.07817017596801734,-0.40310356576980205,0.26056725322672447,-0.11948512532088919,0.7817017596801735,1.0014040816326415,0.00160813922532457,1.0018691684399545,0.016081392253245695,1.4327000367690612,1.4740317554424769,0.5089999999999999,2.594835062195669,0.62,5.125,0.6725000000000001,2.6602854640056957,0.67,5.075,1.2545,3.0812991983901856,0.67,5.425,-0.05399999999999999,2.4936788085076236,0.7,3.825,0.67,0.1,0.0,60,0.7458333333333332,2.214202107356558,0.6166666666666667,C00:SEOBNRv5PHM,0,46,
GW230731_215307,C00:IMRPhenomXPHM-SpinTaylor,official,22a5127d30e414a39bc13eea3317735cc364693be1b1686e71d251275cc466c9,GW230731_215307,C00:IMRPhenomXPHM-SpinTaylor,"H1,L1",31,30,0.0442279836436329,0.08869006498243935,0.14456724667997886,1.0677741764138113e-10,,0.2923750481763392,0.21603820521546457,0.4898017940472103,0.932791132714099,0.9314227490262422,0.7511564534973648,0.04469116761401661,1.0038599815912956,0.6232703095881782,5.338870882069057e-10,1.014863916496632,0.20014383047795223,485.6803065778085,0.6,4.706057195896156,0.785,4.5542144813818926,0.83,0.5662341608795024,0.11172289362255906,0.04525993433911077,0.3351686808676771,-0.5781008859546318,1.1172289362255905,-0.20455144151041785,3.351686808676772,0.9999447104191401,0.010463157481274517,0.5987365772222584,0.10463157481274517,4.2731349571290975,8.328447862927144,-0.273,2.6401744260559754,0.41,2.075,0.36750000000000016,1.8754782723348193,0.73,0.3500000000000001,2.5075,1.6629548250027721,0.79,0.25,-0.8719999999999999,1.9399783503946635,0.72,0.275,0.58,0.22,0.04999999999999982,60,-0.00750000000000007,2.9356831260656637,0.7,C00:IMRPhenomXPHM-SpinTaylor,0,529,
GW230731_215307,C00:SEOBNRv5PHM,official,22a5127d30e414a39bc13eea3317735cc364693be1b1686e71d251275cc466c9,GW230731_215307,C00:SEOBNRv5PHM,"H1,L1",27,29,0.05971135004490025,0.1090895350257775,0.1655056779022373,6.16518719817567e-11,,0.23550609681539686,0.21492361248085035,0.821042276423724,0.9462936103955476,0.9040431814776217,0.7264723879836639,-0.08722738400106822,1.0480086753090174,0.3924904106854743,3.0825935990878346e-10,0.9981079922247108,0.19645478640909386,278.7795683003273,0.68,4.741951506452511,0.79,4.545906241260271,0.875,0.3588059276663877,0.0724269779382389,-0.17250304109770176,0.21728093381471672,-0.28896732492181887,0.724269779382389,0.09296324302942077,2.172809338147167,0.9263876387333942,0.011747733784899617,0.12292683953478074,0.11747733784899615,1.3931890454043943,11.051078067389753,0.49400000000000005,1.6899449695182385,0.6,1.7,0.5710000000000001,1.2655469173444343,0.78,1.5750000000000002,2.8815,0.7907482216230398,0.83,0.30000000000000027,-0.5260000000000001,1.3341754007625835,0.73,0.3500000000000001,0.46,0.22,0.04999999999999999,60,1.1266666666666667,2.3162193812811043,0.55,C00:SEOBNRv5PHM,0,535,
GW230811_032116,C00:IMRPhenomXPHM-SpinTaylor,official,22a5127d30e414a39bc13eea3317735cc364693be1b1686e71d251275cc466c9,GW230811_032116,C00:IMRPhenomXPHM-SpinTaylor,"H1,L1",30,29,0.03765812812529656,0.1024927097680397,0.17882685978680113,5.209649987781185e-10,,0.42517445149706046,0.3799462014132736,0.7599077178008209,0.9763717725543645,0.9843693232380195,0.9247295263809074,-0.09985684456959389,0.9856643638424848,0.4857769162021342,2.6048249938905925e-09,1.0105944085395075,0.19838185438116396,71.8064485872795,0.315,4.866231476004654,0.71,4.9964865908382174,0.76,0.6300515576659211,0.07485930319209572,-0.32498822733062666,0.22457790957628715,-0.5959880103904065,0.7485930319209573,-0.10112654103938129,2.2457790957628716,0.996342770960566,0.0014369353673984277,0.9564451434279675,0.014369353673984276,0.9623579060392792,5.117377372246987,0.2594999999999999,1.6729419445993934,0.54,2.525,0.551,1.781291385484138,0.53,2.675,2.6550000000000007,1.0729981360654826,0.78,0.40000000000000013,-4.4408920985006264e-17,1.6618062462272791,0.69,2.5,0.59,0.25,0.04999999999999993,60,-0.17499999999999996,1.794656420228303,0.6166666666666667,C00:IMRPhenomXPHM-SpinTaylor,0,55,
GW230811_032116,C00:SEOBNRv5PHM,official,22a5127d30e414a39bc13eea3317735cc364693be1b1686e71d251275cc466c9,GW230811_032116,C00:SEOBNRv5PHM,"H1,L1",22,22,0.058757246742711704,0.15783118246210903,0.2874009867369996,2.6980053813869004e-10,,0.3965943430456528,0.3787249327028718,0.930654386992443,0.9792022126255646,0.9869031135829478,0.9350825574040817,0.0027995594733292426,0.9736664491752385,0.21289286376778704,1.3490026906934503e-09,1.0362901630382093,0.2114256842146942,37.04288427605549,0.335,4.843267870648285,0.685,4.900551569034031,0.68,0.8930203192852817,0.04491842402681603,0.4167552844912694,0.13475527208044802,-0.6811050276475383,0.4491842402681601,-0.20156993306974524,1.3475527208044806,0.9979600736861599,0.0016648752569843228,0.9728044994766749,0.016648752569843227,1.4828395629599227,0.8494008869354545,1.5825,2.31431820413702,0.63,4.5,1.1575000000000002,2.1141709367976844,0.67,3.775,2.6625000000000005,1.7825175314705886,0.75,3.3,0.7005000000000001,2.5910566859873985,0.7,4.375,0.59,0.26,0.050000000000000266,60,0.7883333333333333,3.0221731511539103,0.7166666666666667,C00:SEOBNRv5PHM,0,61,
GW230914_111401,C00:IMRPhenomXPHM-SpinTaylor,official,22a5127d30e414a39bc13eea3317735cc364693be1b1686e71d251275cc466c9,GW230914_111401,C00:IMRPhenomXPHM-SpinTaylor,"H1,L1",26,26,0.027063243948133392,0.09005124114524461,0.18850999838408591,1.573751394615348e-09,,0.44230639105722824,0.46063323217116914,0.745929606051627,0.9675250138658469,0.9809257987405324,0.9023495958170485,0.04555110130990031,0.9597958540755186,0.42127709817392983,7.86875697307674e-09,1.007824580017816,0.20363017090032523,274.61681955021135,0.45,4.9161302317790145,0.76,4.893876135359351,0.745,1.0821252121708544,0.06984174539723312,0.14758162950585849,0.20952523619169938,0.04423811999230998,0.6984174539723312,-0.14518354130826738,2.0952523619169936,1.0024606710476873,0.00044379147580869124,1.0235007410452168,0.004437914758086911,1.805347283023755,4.161433276629361,0.12350000000000001,1.780273223412631,0.6,2.2,0.19450000000000003,1.8051855167821393,0.61,2.6,1.612,2.1530457496300444,0.69,1.0,0.02999999999999998,1.7190404300073923,0.53,2.35,0.53,0.25,0.050000000000000044,60,0.28416666666666673,1.6908945282174037,0.6,C00:IMRPhenomXPHM-SpinTaylor,0,68,
GW230914_111401,C00:SEOBNRv5PHM,official,22a5127d30e414a39bc13eea3317735cc364693be1b1686e71d251275cc466c9,GW230914_111401,C00:SEOBNRv5PHM,"H1,L1",16,16,0.04266978553760161,0.13153070729789085,0.25276193315528034,1.341316850039171e-09,,0.5514349841795296,0.4676420887442344,0.9447520358782419,0.9757592406847181,0.9869465458597053,0.9312754736083307,-0.09470654878569572,0.9269947241248752,0.19693238833161075,6.706584250195856e-09,1.0132163102769396,0.21300223539134014,238.48098929124941,0.295,4.835082652064259,0.71,4.914241547020471,0.67,0.7665048315665282,0.04509347624776297,-0.05137265630121461,0.13528042874328888,-1.3050449891284948,0.45093476247762965,-0.6420642477422417,1.352804287432889,0.9989347716589757,0.0003361880993774594,0.988854073423897,0.0033618809937745937,2.853479378330436,2.4009508912718007,-0.3274999999999999,1.7765468611888624,0.71,2.5999999999999996,0.35550000000000004,1.892840392109171,0.78,2.925,2.752000000000001,1.26747623251878,0.77,0.7749999999999999,-0.429,1.9385842772497668,0.69,2.6,0.53,0.22,0.050000000000000044,60,-0.11999999999999997,1.6383986083978466,0.5,C00:SEOBNRv5PHM,0,50,
GW230919_215712,C00:IMRPhenomXPHM-SpinTaylor,official,22a5127d30e414a39bc13eea3317735cc364693be1b1686e71d251275cc466c9,GW230919_215712,C00:IMRPhenomXPHM-SpinTaylor,"H1,L1",28,27,0.04423605997157332,0.1389933114042995,0.29445808908189086,2.6845058242103584e-10,,0.21160482439350936,0.25592600000497867,0.7741970842924248,0.9741850352103949,0.9823737656053599,0.9196931879211265,-0.0005188642432253276,0.9441132430393336,0.47777843323842056,1.3422529121051791e-09,1.0054448570412433,0.18894191314100375,185.4075593148576,0.395,4.997177968322462,0.675,4.924761020443821,0.66,0.8367320090598179,0.04455655010072264,-0.19625682914603082,0.13366965030216788,-0.1376176688350044,0.4455655010072263,0.0006417222464275025,1.336696503021679,1.0043074219705905,0.0016597673098298774,1.0054754834730153,0.01659767309829877,0.6767296924813673,3.908533601066394,-0.15350000000000003,1.3084772638452684,0.82,2.8249999999999997,0.06750000000000002,1.6272119560770193,0.7,3.05,2.312,1.6451006048263432,0.74,0.7749999999999999,-0.26649999999999996,1.4910911273292455,0.76,3.0,0.39,0.15,0.050000000000000044,60,-0.25166666666666665,1.4725818219108309,0.5,C00:IMRPhenomXPHM-SpinTaylor,0,134,
GW230919_215712,C00:SEOBNRv5PHM,official,22a5127d30e414a39bc13eea3317735cc364693be1b1686e71d251275cc466c9,GW230919_215712,C00:SEOBNRv5PHM,"H1,L1",26,26,0.046322600981359215,0.15300505033149675,0.31855936781799493,2.151791423568767e-10,,0.18298299187114825,0.2539655649280448,0.9352095905553691,0.9687993045212708,0.9835669912117319,0.9126054755083929,0.17151664369710126,1.043734891570935,0.24651356475307268,1.0758957117843834e-09,1.0245887246887968,0.18149716030213423,147.29799111715812,0.41,4.724384223571755,0.705,5.042541394521424,0.625,0.6060274728028183,0.03858826959342574,-0.5331056280323854,0.11576480878027717,-0.26532804595469134,0.38588269593425734,0.015372560024952854,1.157648087802772,0.9903626179128223,0.0017933090154912282,0.8621851343814793,0.017933090154912283,0.5341240762031605,1.3564162510821283,0.43799999999999994,2.1356160703647085,0.61,3.8,0.7975000000000001,2.09313610403146,0.65,3.975,1.3385000000000002,2.4443184632940116,0.71,4.4,0.18699999999999994,2.12411887614606,0.67,3.8499999999999996,0.71,0.22,0.04999999999999996,60,0.47750000000000004,1.9543631741993777,0.65,C00:SEOBNRv5PHM,0,133,
GW230922_020344,C00:IMRPhenomXPHM-SpinTaylor,official,22a5127d30e414a39bc13eea3317735cc364693be1b1686e71d251275cc466c9,GW230922_020344,C00:IMRPhenomXPHM-SpinTaylor,"H1,L1",22,23,0.0685313137008035,0.16682568631925784,0.27830872290758385,3.981464129232054e-10,,0.16269163038017498,0.2966470226574095,0.9596348318860696,0.9795899422365362,0.9836633240898106,0.9285048017399682,-0.004206825546113718,0.9881973142378732,0.197396468419831,1.990732064616027e-09,1.0352514993906794,0.19613251017066302,40.83991756449633,0.355,4.9761532834124615,0.715,4.842187659802261,0.63,0.7658513700274614,0.04533122023706563,0.08215061250982184,0.13599366071119687,-0.9909050488206191,0.4533122023706563,-0.038690478851346376,1.3599366071119687,0.9954077648981788,0.001138556540149192,0.9509331599850444,0.01138556540149192,1.7151241045208458,4.107532936443114,0.28600000000000003,1.8635460820704166,0.64,2.95,0.47650000000000003,1.9665001271294136,0.76,3.0,2.0220000000000002,2.7710315768680807,0.74,3.525,0.15550000000000005,2.0041069706979218,0.67,3.7750000000000004,0.5,0.13,0.050000000000000044,60,-0.29500000000000004,2.1412749317482174,0.5333333333333333,C00:IMRPhenomXPHM-SpinTaylor,0,65,
GW230922_020344,C00:SEOBNRv5PHM,official,22a5127d30e414a39bc13eea3317735cc364693be1b1686e71d251275cc466c9,GW230922_020344,C00:SEOBNRv5PHM,"H1,L1",21,21,0.04768313655515367,0.14486772778254337,0.29807012986359194,6.343819338555525e-10,,0.2510917122892511,0.31093702378063615,0.9048570392332707,0.9798964445885571,0.9851436003532847,0.9337674828344562,-0.007483968342641713,0.9410005223963135,0.29711348864084997,3.171909669277762e-09,1.0223927756524427,0.19745121517098352,68.78699640492336,0.375,4.886525597076992,0.705,4.787385440958351,0.645,0.7510937618740868,0.05685449486361971,-0.17916966560266914,0.1705634845908591,-0.41002295821130624,0.5685449486361971,-0.10103559306549922,1.7056348459085915,0.9986515045833988,0.0008962186945973995,0.9825240381241995,0.008962186945973994,0.5754137963103685,1.2471205562352619,0.3685000000000001,2.1559876507067472,0.69,3.725,0.8540000000000001,2.0429351433660345,0.73,3.7,2.342,1.681096665870229,0.73,1.2000000000000002,0.24400000000000002,2.1493519953697673,0.64,3.825,0.67,0.26,0.050000000000000044,60,-0.18583333333333335,2.0810072013864396,0.7666666666666667,C00:SEOBNRv5PHM,0,85,
GW230922_040658,C00:IMRPhenomXPHM-SpinTaylor,official,22a5127d30e414a39bc13eea3317735cc364693be1b1686e71d251275cc466c9,GW230922_040658,C00:IMRPhenomXPHM-SpinTaylor,"H1,L1",19,19,0.0820690932727652,0.22277545130203005,0.3727292352195933,6.117662874394881e-10,,0.7871691264945768,0.9517664543505224,0.9773182327694376,0.9885379937661665,0.9912969666425129,0.9606605326769357,-0.07929384249365828,1.0063661476072394,0.1580691299595303,3.0588314371974406e-09,1.001957783729594,0.1889129096905183,272.0892617508498,0.23,4.899619679079994,0.625,4.915468979520236,0.63,0.9227781680764816,0.03924202898717946,0.5657216910865102,0.11772608696153838,-0.9433604052815706,0.39242028987179456,-0.24088488882535594,1.1772608696153837,0.9993492801347289,0.0006414545847471372,0.992566797155937,0.0064145458474713715,1.841381382162711,3.2209783240371523,0.293,3.706528159882237,0.44,4.0,0.235,3.0238427538481556,0.63,3.8,2.2920000000000003,2.5112319685763804,0.74,0.9500000000000002,0.11499999999999995,3.122278815224547,0.55,3.725,0.72,0.14,0.050000000000000044,60,-1.2875,3.8846774319111748,0.6666666666666666,C00:IMRPhenomXPHM-SpinTaylor,0,56,
GW230922_040658,C00:SEOBNRv5PHM,official,22a5127d30e414a39bc13eea3317735cc364693be1b1686e71d251275cc466c9,GW230922_040658,C00:SEOBNRv5PHM,"H1,L1",13,13,0.04355766420281585,0.22173220985234568,0.7044820241161737,1.037144263160531e-09,,0.982259610440732,0.9782790355377777,0.981459461735689,0.9368602295502032,0.9673559117364064,0.8244941945737676,0.061210423078015844,0.9201100663947583,0.12815334116493643,5.185721315802655e-09,0.9973201333297973,0.1890492408020333,478.53044886642516,0.535,4.562433942343321,0.84,4.693770203305184,0.745,0.10654269129553655,0.03710984928952524,0.018257501599798973,0.1113295478685757,-0.1346038087554115,0.3710984928952524,-0.06157110764014206,1.113295478685757,0.9994964114873097,0.0003578079791565246,0.9411112702384375,0.0035780797915652453,0.4621525120066184,0.7201338967810509,1.5089999999999995,4.2140264593379095,0.62,8.8,1.1859999999999997,4.065575482019735,0.68,8.425,2.6195,3.2415420327368887,0.66,7.25,1.0415,4.002162259329324,0.65,8.675,0.85,0.27,0.10000000000000053,60,2.31,4.150961735951481,0.9,C00:SEOBNRv5PHM,0,72,
GW230924_124453,C00:IMRPhenomXPHM-SpinTaylor,official,22a5127d30e414a39bc13eea3317735cc364693be1b1686e71d251275cc466c9,GW230924_124453,C00:IMRPhenomXPHM-SpinTaylor,"H1,L1",22,22,0.03278326835363675,0.08303134039264994,0.14191603160789915,4.796102626281234e-10,,0.44483031267503914,0.4234081923877536,0.7328588060841044,0.9852222657524737,0.9909725743841068,0.9556060208733593,-0.06437790978844529,0.995266349462099,0.5601601571627248,2.398051313140617e-09,0.9989621124343689,0.2066001771353491,75.43445309223199,0.275,5.126798763617017,0.65,4.873587767268129,0.705,1.1499328887127838,0.08500023839159089,1.0070676244705992,0.2550007151747727,-0.06630697969441307,0.8500023839159091,0.1333080904779133,2.5500071517477276,1.0046242672651071,0.001772277305448273,1.0435872609576684,0.017722773054482728,2.4824415040443455,11.540102264331004,0.01149999999999999,0.8168492823036572,0.87,1.75,0.5870000000000001,1.055950282920555,0.75,1.675,2.998,0.11223190277278561,0.94,0.30000000000000027,-0.757,0.7784285452114407,0.87,0.8,0.15,0.1,0.09999999999999998,60,0.08666666666666667,0.7694081419434609,0.18333333333333332,C00:IMRPhenomXPHM-SpinTaylor,0,83,
GW230924_124453,C00:SEOBNRv5PHM,official,22a5127d30e414a39bc13eea3317735cc364693be1b1686e71d251275cc466c9,GW230924_124453,C00:SEOBNRv5PHM,"H1,L1",23,23,0.031075538855784776,0.08208834288885718,0.15217762227573847,5.272072308963613e-10,,0.5155087889521215,0.41954533755731926,0.841847029096751,0.9754893892181945,0.9820610010650098,0.9196086247232941,0.06285760268250028,0.9981884606444787,0.35590481716579664,2.6360361544818064e-09,0.9768550131634011,0.18648586527473995,81.99421713112994,0.36,4.986553540293252,0.685,4.9352657997352125,0.665,0.6255291752866053,0.09550196136008954,-0.24923479103329668,0.2865058840802685,-0.30990872903784,0.955019613600895,-0.6414801918685942,2.8650588408026856,0.9957359644929468,0.0018114691104998014,0.9515874840111236,0.018114691104998016,0.5602405601208643,3.9946616297039412,0.29100000000000004,1.1965237147670749,0.76,2.3,0.407,1.1423445189608954,0.79,2.25,2.9684999999999997,0.37534350933511557,0.88,0.2999999999999998,-0.42450000000000004,1.1008291193459592,0.79,2.075,0.44,0.21,0.09999999999999987,60,0.5266666666666666,0.9458447135879241,0.38333333333333336,C00:SEOBNRv5PHM,0,75,
GW230927_043729,C00:IMRPhenomXPHM-SpinTaylor,official,22a5127d30e414a39bc13eea3317735cc364693be1b1686e71d251275cc466c9,GW230927_043729,C00:IMRPhenomXPHM-SpinTaylor,"H1,L1",26,26,0.04360215549036885,0.1432499485766972,0.28688361884043295,4.831587558886459e-10,,0.555111313581522,0.5381161320463015,0.8142493930910221,0.9846760292820121,0.9874270544137014,0.9460015140760079,0.08487556098138593,1.0431095078952504,0.398808237342535,2.4157937794432296e-09,0.9973865221641043,0.20635141810250093,102.39654799667812,0.35,4.9686918208319,0.65,4.841770845315361,0.665,0.2986233460215184,0.07307400044275504,-0.8555958826622573,0.21922200132826508,-0.30625126315307777,0.7307400044275503,0.11931364442825605,2.192220013282651,0.993473539584639,0.0015124221501140814,0.9162346856992056,0.015124221501140811,0.42124192719897663,1.261690207751066,0.06199999999999997,2.5227774376666683,0.58,4.75,0.534,2.6504988209769116,0.62,4.425000000000001,2.195,2.0890368594163196,0.78,0.875,0.0965,2.4621358106327116,0.54,4.525,0.73,0.25,0.050000000000000266,60,0.49583333333333324,2.3708347978905846,0.7333333333333333,C00:IMRPhenomXPHM-SpinTaylor,0,73,
GW230927_043729,C00:SEOBNRv5PHM,official,22a5127d30e414a39bc13eea3317735cc364693be1b1686e71d251275cc466c9,GW230927_043729,C00:SEOBNRv5PHM,"H1,L1",23,24,0.04092276307729214,0.1367446923035678,0.2735499838946721,4.474790917444228e-10,,0.4671146935735023,0.5456415412554254,0.7595710248610305,0.9782908773433762,0.9831821916417423,0.9261299076962005,0.0783589125584605,0.9565697779781706,0.42835401439953,2.237395458722114e-09,0.9910372625961387,0.19937412743123414,96.51209399348524,0.37,4.914950299881362,0.725,5.007429666415165,0.675,0.16864016300809143,0.06139227887381272,-1.096003588056145,0.1841768366214381,-0.48801230323376793,0.613922788738127,-0.01750411717555923,1.8417683662143811,0.9872469719881369,0.0013719586011155319,0.8571391723895527,0.013719586011155317,0.45350305825012793,1.8150122683161365,0.7395,2.5303487407865344,0.51,4.574999999999999,0.9319999999999999,2.439185519799591,0.61,4.550000000000001,1.7899999999999998,2.495606138796745,0.77,3.05,0.4489999999999999,2.393877398698605,0.57,4.65,0.79,0.18,0.050000000000000044,60,1.158333333333333,2.4499858276234083,0.7666666666666667,C00:SEOBNRv5PHM,0,81,
GW230927_153832,C00:IMRPhenomXPHM-SpinTaylor,official,22a5127d30e414a39bc13eea3317735cc364693be1b1686e71d251275cc466c9,GW230927_153832,C00:IMRPhenomXPHM-SpinTaylor,"H1,L1",22,22,0.030975276352360467,0.06935523865518602,0.11788276014622125,2.455700024420549e-10,,0.1946787677951871,0.2344152406042787,0.7662306250641698,0.9502806078198953,0.9601106599516567,0.8292959792338429,0.12167283504292783,1.0030032353513705,0.4013259320402337,1.2278500122102745e-09,1.0030401591709006,0.20170566747683513,153.27790153381878,0.575,4.609134128339645,0.79,4.834672603962933,0.74,0.8395828033770283,0.07303870128969363,0.22271471194913067,0.2191161038690809,-0.22847500805691112,0.7303870128969363,-0.6456896994376515,2.1911610386908085,0.9972659585627055,0.002974251763788941,0.9573119018224041,0.029742517637889414,3.020479848429037,19.091209446948255,0.08250000000000002,0.594952729214683,0.87,1.4,0.49050000000000005,0.9051434969108488,0.8,1.5,2.9824999999999995,0.0849632273398321,0.91,0.25,-0.5825,0.9159523732159877,0.8,0.5999999999999999,0.12,0.15,0.05000000000000003,60,0.1158333333333333,0.48652609271126346,0.08333333333333333,C00:IMRPhenomXPHM-SpinTaylor,0,169,
GW230927_153832,C00:SEOBNRv5PHM,official,22a5127d30e414a39bc13eea3317735cc364693be1b1686e71d251275cc466c9,GW230927_153832,C00:SEOBNRv5PHM,"H1,L1",21,21,0.05756801986924877,0.14414534331115184,0.2775854374441849,1.21619009193542e-10,,0.22698456026333974,0.22987308891521646,0.8571086478853428,0.9402585176653226,0.9465358486097724,0.7850519800964537,-0.07647601877680661,0.988209118557108,0.3485555401281814,6.0809504596771e-10,0.9770868758226967,0.19413458138079553,74.22716826496415,0.59,4.887336705699851,0.81,4.723200628645902,0.785,0.9344681744195152,0.03402550500649015,0.49058232780184774,0.10207651501947045,-0.023371809374518503,0.34025505006490153,-0.2734700346129033,1.0207651501947046,1.000880014972306,0.00279771272863625,0.9576372354780023,0.0279771272863625,0.8102127269259624,1.8180566451473625,0.34950000000000003,1.3176018935930534,0.71,2.65,0.6499999999999999,1.513406752991409,0.74,2.625,2.591,1.2080227646861625,0.8,1.0499999999999998,-0.38549999999999995,1.3677773027799518,0.77,1.7000000000000002,0.5,0.15,0.050000000000000044,60,0.6375000000000001,1.2767349307249853,0.65,C00:SEOBNRv5PHM,0,163,
GW231020_142947,C00:IMRPhenomXPHM-SpinTaylor,official,22a5127d30e414a39bc13eea3317735cc364693be1b1686e71d251275cc466c9,GW231020_142947,C00:IMRPhenomXPHM-SpinTaylor,"H1,L1",34,33,0.12367078774614378,0.3153900443683565,0.5296774471491522,5.6525735856433594e-11,,0.23539236929344104,0.23714772685708463,0.9420300387077707,0.9612452514955363,0.9773802664638075,0.8841575614633286,0.16249136946277465,1.0150796120878613,0.23672963977092532,2.8262867928216796e-10,0.9876713220975539,0.17624888754563878,286.03569254484574,0.455,4.688260323607152,0.73,4.841078159427211,0.65,0.8405574530587439,0.028274213151096166,0.06789365861588792,0.08482263945328848,-0.03650992459803933,0.2827421315109616,-0.044880108273465794,0.8482263945328851,1.003749847311354,0.005002007089816253,0.5192108650921238,0.05002007089816252,0.6767343572192464,2.29730920698531,0.5505,3.6588556612689707,0.69,5.1,0.1605,3.4396169481498955,0.62,5.475,1.7875,2.9298581450302335,0.71,4.925000000000001,0.387,3.3490567328727052,0.66,4.875,0.64,0.2,0.050000000000000044,60,0.10499999999999998,3.6598463082484765,0.7166666666666667,C00:IMRPhenomXPHM-SpinTaylor,0,535,
GW231020_142947,C00:SEOBNRv5PHM,official,22a5127d30e414a39bc13eea3317735cc364693be1b1686e71d251275cc466c9,GW231020_142947,C00:SEOBNRv5PHM,"H1,L1",37,36,0.06238958047740651,0.1327529909388946,0.20797764282007397,2.0233759331889978e-10,,0.2634834266394622,0.2388203273727535,0.772147857709137,0.9614622832263994,0.9500976387574349,0.8376439371596576,0.11611591285455702,0.9623388812376633,0.413118191655323,1.011687966594499e-09,1.0141822001927323,0.1844367789083396,1032.1886530522581,0.56,4.848872300707878,0.705,4.678238540561524,0.795,0.7659707615528581,0.06771886094535973,0.37950992398317307,0.20315658283607918,-0.18308175531126536,0.6771886094535972,-0.013609469348264767,2.031565828360791,1.0017280248551501,0.003346825463058144,0.9052022166106598,0.03346825463058143,1.721901953034144,5.379863039023574,0.09749999999999986,2.9946566998572646,0.44,3.3,0.29450000000000004,2.718233755584681,0.64,2.35,2.6265000000000005,1.6578970866733558,0.81,0.3999999999999999,-0.5025,2.02893290919143,0.72,2.175,0.72,0.24,0.050000000000000044,60,0.2349999999999999,3.7251543592178833,0.8,C00:SEOBNRv5PHM,0,508,
GW231028_153006,C00:IMRPhenomXPHM-SpinTaylor,official,22a5127d30e414a39bc13eea3317735cc364693be1b1686e71d251275cc466c9,GW231028_153006,C00:IMRPhenomXPHM-SpinTaylor,"H1,L1",20,20,0.01266237598980421,0.046599520951110585,0.1182233189542634,4.884623359209835e-09,,0.7205930135420378,0.7126870095602673,0.8722943688870505,0.9751887572876631,0.9864818122276101,0.9286310403994051,0.0060913991475260686,1.0446807679603258,0.3414795588819506,2.4423116796049174e-08,0.9674460143174198,0.19270769304290267,1483.7185856165677,0.405,4.922787732959483,0.705,4.928941520471592,0.65,0.5111975340741503,0.10161357836760924,-0.7313103828045575,0.3048407351028277,-0.15667553209340543,1.0161357836760925,-0.0026309361365044748,3.048407351028277,1.0000909141144319,0.00020802745860849106,1.0006801653221058,0.00208027458608491,1.5638729356307675,8.31104640519878,-0.09449999999999997,1.0457747128325487,0.7,1.75,0.386,1.1723497771569713,0.54,2.25,2.9515,0.33147058693042436,0.88,0.3500000000000001,-0.24050000000000005,1.2231045539936476,0.78,2.05,0.32,0.24,0.050000000000000044,60,0.17916666666666664,1.0923709560197743,0.31666666666666665,C00:IMRPhenomXPHM-SpinTaylor,0,53,
GW231028_153006,C00:SEOBNRv5PHM,official,22a5127d30e414a39bc13eea3317735cc364693be1b1686e71d251275cc466c9,GW231028_153006,C00:SEOBNRv5PHM,"H1,L1",13,13,0.023460652874079276,0.07500411020389557,0.2056216470499642,2.4526963586624907e-09,,0.6857542930731411,0.6568542477920649,0.9654166050634448,0.9556622578115075,0.9187018717023605,0.7763975791397346,0.10832867158356894,1.0489004477884802,0.18960381618495248,1.2263481793312453e-08,1.0024800934836617,0.20109407553249353,670.3269942412859,0.59,4.777861752445855,0.81,4.607793627206573,0.82,0.7985062752163797,0.05072673539544118,0.6158807404827562,0.15218020618632352,-0.5227427727277092,0.5072673539544119,-0.13486863736373947,1.5218020618632355,1.0001418635925614,0.0002068202825689503,0.9983157067848017,0.002068202825689503,1.8392500179610183,2.799063549032879,0.0745,1.4243155373722496,0.81,2.675,0.287,1.7933574657608005,0.69,3.4250000000000003,2.7484999999999995,2.0900772114924364,0.75,1.3249999999999997,-0.3489999999999999,1.8166725076358698,0.8,3.0749999999999997,0.35,0.17,0.050000000000000155,60,0.5025000000000001,1.553984797222933,0.38333333333333336,C00:SEOBNRv5PHM,0,46,
GW231102_071736,C00:IMRPhenomXPHM-SpinTaylor,official,22a5127d30e414a39bc13eea3317735cc364693be1b1686e71d251275cc466c9,GW231102_071736,C00:IMRPhenomXPHM-SpinTaylor,"H1,L1",21,22,0.035568286652418936,0.12100410435463975,0.24756645475428796,1.2773579490839409e-09,,0.6844909456787152,0.619607909235443,0.8001495587246727,0.9774272920332098,0.9864747377320267,0.9310992206608483,-0.01809442873657377,0.9781937310374186,0.4405863834966158,6.3867897454197044e-09,0.9841917789771111,0.19189235962023388,323.868415353335,0.36,4.88934257352151,0.71,4.9685708031483475,0.7,0.8081715290272935,0.05369956086046644,-0.2610303788827442,0.16109868258139937,-0.5173793375275967,0.5369956086046646,0.04643980718522559,1.6109868258139932,0.9997823750836341,0.00042039555865274234,0.9968996288768995,0.004203955586527423,0.9083957952870356,1.8725035501867129,0.036500000000000005,3.009176423874147,0.38,4.8,0.20549999999999996,2.5887535127933674,0.68,3.875,1.4560000000000002,2.8496252385182164,0.72,3.4499999999999997,-0.12599999999999997,3.027370806491996,0.5,4.9,0.84,0.25,0.10000000000000009,60,0.16750000000000004,3.0100778644413837,0.9166666666666666,C00:IMRPhenomXPHM-SpinTaylor,0,16,
GW231102_071736,C00:SEOBNRv5PHM,official,22a5127d30e414a39bc13eea3317735cc364693be1b1686e71d251275cc466c9,GW231102_071736,C00:SEOBNRv5PHM,"H1,L1",8,8,0.11134075225659998,0.31518107802783124,0.6002866147179117,5.762092843875369e-10,,0.7396389997781252,0.640283643317298,0.9744809426932275,0.9731143071624941,0.9473754027753185,0.8528585073121276,-0.04310497034041807,0.9596609870953715,0.16482510409323858,2.8810464219376845e-09,1.0139685231810394,0.22768183383652435,152.38237977107264,0.545,4.796112942709803,0.71,4.674662676276754,0.79,0.869945050069605,0.02239265837706908,0.6691667367256494,0.06717797513120723,0.06237923641871388,0.22392658377069077,-0.40776478749435197,0.6717797513120725,0.9996542103643169,0.00038862022851420447,0.992587096172608,0.0038862022851420437,0.8406006785795321,2.4760523705209643,1.2395,3.310228806291191,0.74,5.6,0.5820000000000001,2.7460655491083967,0.73,4.85,2.8354999999999997,2.20486161697282,0.84,2.9,1.1015000000000001,3.002252945705941,0.75,5.175000000000001,0.63,0.24,0.04999999999999982,60,1.325833333333333,3.2699068751605487,0.6833333333333333,C00:SEOBNRv5PHM,0,14,
GW231108_125142,C00:IMRPhenomXPHM-SpinTaylor,official,22a5127d30e414a39bc13eea3317735cc364693be1b1686e71d251275cc466c9,GW231108_125142,C00:IMRPhenomXPHM-SpinTaylor,"H1,L1",21,21,0.06368856988031195,0.16733697227378083,0.30833974155342847,1.407556699318711e-10,,0.30990810289317916,0.37225089360403074,0.8512899246127984,0.9711802611929219,0.9650253754194672,0.8784481249684605,-0.017622888128995377,0.8949954384410698,0.42578097602495607,7.037783496593556e-10,0.9991299996981402,0.1927187825004314,151.41268504748462,0.42,4.908554273199259,0.745,4.799801907669423,0.77,0.9697194526102804,0.040645276226855834,0.5729330921697772,0.12193582868056749,0.15838543123565138,0.40645276226855825,-0.688115317628096,1.2193582868056747,1.0046766610364355,0.002887647527558147,0.9987955426838799,0.02887647527558147,0.2746279558609291,3.180872870093063,-0.03949999999999999,1.6818783398331758,0.77,3.05,0.0034999999999999966,1.7728121022826984,0.8,3.1500000000000004,2.8905000000000007,0.5964350341822652,0.88,0.9000000000000004,-0.0475,1.7694261075275224,0.78,3.1500000000000004,0.52,0.14,0.050000000000000266,60,-0.6166666666666667,1.575136678372882,0.6166666666666667,C00:IMRPhenomXPHM-SpinTaylor,0,127,
GW231108_125142,C00:SEOBNRv5PHM,official,22a5127d30e414a39bc13eea3317735cc364693be1b1686e71d251275cc466c9,GW231108_125142,C00:SEOBNRv5PHM,"H1,L1",24,25,0.0559851185339541,0.14776371713575015,0.282851580126527,1.8325343645007461e-10,,0.328097785579178,0.3686611359725698,0.814529245217134,0.9519832247038218,0.9547101025494329,0.8205737982380934,-0.04471241865967254,1.0174143412332954,0.4740297106595732,9.16267182250373e-10,0.9956059651165745,0.2076985123074931,194.83509650721393,0.46,4.732052623801038,0.79,4.770632923722484,0.84,0.8654338176738308,0.056699049782099796,-0.03268204373875879,0.17009714934629935,-0.1363214419539604,0.5669904978209978,-0.06264816892657009,1.7009714934629938,1.0066396743800967,0.0030940238218968848,0.9909093011190563,0.030940238218968855,0.6046021355090034,2.0794587070196533,0.831,1.9573423308149243,0.6,3.6500000000000004,1.0005,2.050018231626246,0.64,3.5250000000000004,2.1375,1.743521938491168,0.74,0.8250000000000002,0.39500000000000013,2.0487984283476988,0.73,3.55,0.75,0.22,0.050000000000000044,60,0.37916666666666665,1.7793793783851215,0.7166666666666667,C00:SEOBNRv5PHM,0,159,
GW231206_233134,C00:IMRPhenomXPHM-SpinTaylor,official,22a5127d30e414a39bc13eea3317735cc364693be1b1686e71d251275cc466c9,GW231206_233134,C00:IMRPhenomXPHM-SpinTaylor,"H1,L1",18,19,0.04205934712260218,0.13997653649186168,0.28731436876479194,3.650743647824521e-10,,0.38582321303121325,0.5550712855388724,0.5807563521658697,0.9874678960053924,0.9916527635170385,0.9604675214594015,-0.04261463986926087,0.9568328551665967,0.7156403859246496,1.8253718239122604e-09,0.9927699151137733,0.20584249718272848,80.46373852964693,0.325,4.894422832881803,0.695,4.9775236812582335,0.625,0.6342107424269782,0.05258225273820768,-0.4918132592854078,0.15774675821462303,-0.22688652396808767,0.525822527382077,-0.405305289338843,1.5774675821462307,0.9942516908755136,0.0014403162152878488,0.9307370159539983,0.014403162152878487,0.5189526502900815,2.0996606270397726,-0.5135000000000001,2.25355114208664,0.61,3.725,0.02999999999999998,2.2882963094844166,0.66,3.8,2.6005000000000003,1.6584555315111709,0.73,1.1749999999999998,-0.7665,2.129871533684602,0.65,3.55,0.7,0.23,0.07500000000000002,60,-0.15833333333333333,2.232845095886014,0.7833333333333333,C00:IMRPhenomXPHM-SpinTaylor,0,67,
GW231206_233134,C00:SEOBNRv5PHM,official,22a5127d30e414a39bc13eea3317735cc364693be1b1686e71d251275cc466c9,GW231206_233134,C00:SEOBNRv5PHM,"H1,L1",16,16,0.06480266362560136,0.18572620478357257,0.32980480245860366,2.509002154252137e-10,,0.24149964384757594,0.5230397178279624,0.7941913566986691,0.9851679225538017,0.988719360591765,0.9491880064456948,-0.03601129650810838,1.0589109750287364,0.42954468652252076,1.2545010771260685e-09,0.9826163360429403,0.1826419624563268,51.30450545280447,0.335,5.014482087018457,0.64,4.933713136951531,0.6,0.815373726587423,0.037948834974932115,0.16784925739324597,0.11384650492479635,-0.6533466030395912,0.37948834974932116,-0.04476714788200958,1.1384650492479638,0.9951586613261245,0.0015125070702158721,0.9418211954122123,0.015125070702158723,1.605572967701558,1.1562734983140097,-0.643,2.6837103047832866,0.56,5.025,-0.4065,2.2954591588612505,0.71,4.699999999999999,1.3025,2.7686673238220587,0.71,4.65,-0.35150000000000003,2.4368879231511658,0.6,4.675,0.77,0.23,0.050000000000000044,60,-0.33249999999999996,3.0946435578269753,0.85,C00:SEOBNRv5PHM,0,83,
GW231206_233901,C00:IMRPhenomXPHM-SpinTaylor,official,22a5127d30e414a39bc13eea3317735cc364693be1b1686e71d251275cc466c9,GW231206_233901,C00:IMRPhenomXPHM-SpinTaylor,"H1,L1",23,23,0.024917039382801372,0.08303310347532682,0.18887535862822075,6.772669065435662e-10,,0.2770950915851975,0.2825404448035519,0.6824279339546226,0.9632096738960291,0.9777876436945752,0.8893659161515552,-0.015228820849054197,0.9644307177840613,0.4686412510585571,3.386334532717831e-09,1.008057643789214,0.20457091334739524,65.60904519450457,0.495,4.819353678186969,0.75,4.80592387425314,0.745,0.887492881525461,0.054380888587824805,-0.09797810999287486,0.1631426657634744,0.22833409481019143,0.5438088858782479,0.04541648223592478,1.6314266576347438,1.0020781525235232,0.0008029461953981752,1.0155619763289334,0.00802946195398175,0.8915663665808649,6.828880101030612,0.21050000000000002,1.1396994121258466,0.75,2.55,0.38549999999999995,1.3246375919473221,0.69,2.65,2.7510000000000003,0.7528273374419928,0.82,0.5499999999999998,-0.135,1.2905522073903093,0.75,2.65,0.36,0.19,0.050000000000000044,60,0.058333333333333355,1.294673918620266,0.36666666666666664,C00:IMRPhenomXPHM-SpinTaylor,0,80,
GW231206_233901,C00:SEOBNRv5PHM,official,22a5127d30e414a39bc13eea3317735cc364693be1b1686e71d251275cc466c9,GW231206_233901,C00:SEOBNRv5PHM,"H1,L1",20,20,0.036835970798971086,0.10427444119254017,0.20270233895366652,5.549709419109307e-10,,0.2920484696222376,0.28403301716350793,0.9323889925104671,0.9709146881516179,0.9750823537164963,0.8958165066105577,-0.018861755068305477,1.0273845520974676,0.299831391127219,2.7748547095546533e-09,0.9915856818248946,0.22000552070174542,54.09457170510485,0.44,4.7892117975454065,0.735,4.862916290105467,0.77,0.9211569961151947,0.0428816094168189,0.3360891613624394,0.12864482825045667,-0.0019504746481764873,0.4288160941681889,-0.06274841589513971,1.2864482825045667,1.0004106862519877,0.0007726820663648571,1.0010317818137593,0.00772682066364857,1.0592498184231975,1.9272549401399266,0.747,1.7229019124720943,0.68,3.4,0.8140000000000001,1.5898754668212225,0.62,3.0,2.3035,1.4616301686815307,0.78,1.8250000000000002,0.10350000000000004,1.6907580400518578,0.72,3.125,0.61,0.14,0.04999999999999993,60,0.8325,1.619357511484107,0.7166666666666667,C00:SEOBNRv5PHM,0,47,
GW231224_024321,C00:IMRPhenomXPHM-SpinTaylor,official,22a5127d30e414a39bc13eea3317735cc364693be1b1686e71d251275cc466c9,GW231224_024321,C00:IMRPhenomXPHM-SpinTaylor,"H1,L1",25,25,0.11648696450643972,0.2653425958419869,0.431454581903842,2.3373615184885486e-11,,0.14135842510150398,0.1879892705017684,0.9445699855064672,0.9670040435504659,0.9587644328739923,0.8608916007124926,-0.06633017581023865,0.9825707415006727,0.24043016039299625,1.1686807592442744e-10,0.9698799610534041,0.18261198293490652,90.84625964077347,0.535,4.794901903569233,0.745,4.905636022511204,0.74,0.8962099711902602,0.027812883563203633,0.5434238258272511,0.08343865068961091,-0.033950193202591177,0.27812883563203633,0.0028862037587500896,0.8343865068961089,0.9784683553202842,0.011899264766363053,0.4461875135309192,0.11899264766363053,0.5564189063652969,4.201550200454014,1.283,2.555349486860848,0.74,3.025,1.066,2.171864176232022,0.74,2.675,2.7295000000000003,1.6296639991114732,0.85,0.875,0.6905,2.594134682317015,0.7,2.8499999999999996,0.64,0.26,0.050000000000000044,60,0.34,2.632312038240654,0.6,C00:IMRPhenomXPHM-SpinTaylor,0,556,
GW231224_024321,C00:SEOBNRv5PHM,official,22a5127d30e414a39bc13eea3317735cc364693be1b1686e71d251275cc466c9,GW231224_024321,C00:SEOBNRv5PHM,"H1,L1",28,28,0.08484409365632845,0.16386740666190608,0.23744971329678122,4.464382964905123e-11,,0.23527025571626015,0.18949836078302779,0.7610135789335951,0.9680328398054829,0.9611976760609716,0.8650503500569535,-0.07625604857765624,1.0155312998960027,0.4731955433018368,2.2321914824525614e-10,0.9926937493856236,0.21387723584961127,175.08321965583647,0.59,4.788745208563757,0.73,4.863749004299595,0.75,0.8405211697788102,0.051017372144270746,0.27410358958195546,0.15305211643281222,-0.17197992512305377,0.5101737214427073,0.038668521774998535,1.5305211643281227,0.9820954514714851,0.011427642418968636,0.49249254508891677,0.11427642418968634,1.6259820554288922,6.683221461197689,0.6030000000000001,2.690704554573021,0.49,2.725,0.582,2.0502014535162147,0.7,2.5999999999999996,2.5530000000000004,1.7509114769170941,0.79,0.5,0.09249999999999999,2.679201140265508,0.66,2.425,0.67,0.15,0.04999999999999999,60,0.57,3.185071951044958,0.6666666666666666,C00:SEOBNRv5PHM,0,574,
GW231226_101520,C00:IMRPhenomXPHM-SpinTaylor,official,22a5127d30e414a39bc13eea3317735cc364693be1b1686e71d251275cc466c9,GW231226_101520,C00:IMRPhenomXPHM-SpinTaylor,"H1,L1",17,17,0.03125857905634918,0.09330507348683309,0.18526403881796483,5.721183135085145e-10,,0.23989380237248598,0.23068653796956606,0.8879640505590904,0.9845921802957317,0.9834289484366907,0.940435352872151,-0.0032809391140903132,1.0491068119137323,0.33424801432345363,2.8605915675425722e-09,1.0045880532638798,0.20094094634193577,43.824276643564005,0.405,4.800432109646166,0.63,4.8683836030274215,0.65,0.9157804409536074,0.029113705623424434,0.6454981210285681,0.08734111687027327,-0.11647259930326917,0.29113705623424424,-0.6808731088988207,0.8734111687027326,0.9989200462214761,0.0005088756107960376,0.988543749975778,0.005088756107960376,1.0925354899800985,5.8359652708076,0.16099999999999998,0.9651575001003723,0.79,2.45,0.4035,1.0790795846461,0.79,2.675,3.0299999999999994,0.19608671551127577,0.92,0.6000000000000001,-0.4025000000000001,1.1774840763254506,0.82,2.8,0.3,0.13,0.050000000000000044,60,0.04083333333333332,0.9030730713636754,0.25,C00:IMRPhenomXPHM-SpinTaylor,0,18,
GW231226_101520,C00:SEOBNRv5PHM,official,22a5127d30e414a39bc13eea3317735cc364693be1b1686e71d251275cc466c9,GW231226_101520,C00:SEOBNRv5PHM,"H1,L1",16,16,0.033155836055693194,0.10810310883046423,0.23892130338668535,5.34652916313258e-10,,0.2248761433220638,0.22545851455583515,0.9311100415545184,0.9701212407582649,0.9795481666390153,0.9049160005797384,-0.005564010803086506,1.1223865879669745,0.22954719043459293,2.6732645815662897e-09,0.9868241139958621,0.20378274522817613,39.89395260238955,0.435,4.843388050287821,0.67,4.820291783268851,0.67,0.9237550539909759,0.027034780960270368,0.5750365866733451,0.0811043428808111,-0.12315202640279788,0.27034780960270366,-0.3456760456706879,0.8110434288081109,0.9993675479399461,0.0005056510520262539,0.9922587938445828,0.005056510520262541,1.4423914316841797,1.663122119321375,0.573,1.8004918772379952,0.66,3.2,0.8175,1.56351167248601,0.73,2.9250000000000003,2.8199999999999994,1.1762015133470967,0.77,0.9750000000000001,-0.22849999999999998,1.413245467001398,0.73,3.15,0.61,0.12,0.050000000000000044,60,-0.021666666666666664,1.6299889229344133,0.6666666666666666,C00:SEOBNRv5PHM,0,18,
